First Name,Last Name,Position,GP,Salary,PS,draft_overall,age,position_group,predicted_value_total
Thomas,Chabot,D,1,925000,-0.2,18.0,20,D,-0.022449223815670598
Cody,Ceci,D,79,2250000,3.2,15.0,24,D,4.027930270117612
Kyle,Okposo,RW,65,8000000,5.0,7.0,29,F,5.201783633019822
Erik,Gudbranson,D,30,3500000,0.5,3.0,25,D,0.9491532457615147
Tom,Wilson,RW,82,1750000,1.3,16.0,23,F,1.9675469979041742
Brian,Campbell,D,80,1500000,4.3,156.0,38,D,3.0393587947298695
Anton,Rodin,RW,3,950000,0.1,53.0,27,F,0.05011503402345979
Evan,Rodrigues,LW/C,30,842500,0.2,300.0,24,F,0.3684758295985699
Devante,Smith-Pelly,RW/C/LW,53,1250000,-0.3,42.0,25,F,0.7451835692598515
Matthew,Peca,C,10,925000,0.0,201.0,24,F,0.08966966362648005
Andrew,Desjardins,LW/C,46,800000,-1.0,300.0,31,F,-0.543970763937907
Michael,Chaput,C,68,600000,-0.3,89.0,25,F,0.5817011251836245
Ryan,White,C,65,1000000,0.9,66.0,29,F,1.6858096382204972
Sam,Bennett,C,81,925000,1.6,4.0,21,F,3.058106495527744
Colton,Sceviour,C/RW,80,950000,1.3,112.0,28,F,3.161050176955013
Brett,Kulak,D,21,680000,0.4,105.0,23,D,0.16143806112320244
Scott,Wilson,LW/C,78,590000,2.0,209.0,25,F,2.8092191033463014
Taylor,Beck,LW,5,650000,-0.2,70.0,26,F,-0.11676050231525434
Roman,Polak,D,75,2250000,3.2,180.0,31,D,3.2412248466463094
Seth,Helgeson,D,9,600000,0.6,114.0,27,D,0.1566071659989468
Morgan,Rielly,D,76,5000000,2.9,5.0,23,D,4.625540350844428
Jaden,Schwartz,LW/C,78,5250000,6.4,14.0,25,F,6.43909713585992
William,Nylander,C/RW,81,925000,6.8,8.0,21,F,6.697693030585374
Andrej,Sustr,D,80,1600000,2.5,300.0,27,D,2.47126510457483
Brandon,Carlo,D,82,717500,5.2,37.0,21,D,3.1680962880317804
David,Pastrnak,RW/LW,75,925000,10.3,25.0,21,F,8.877132014414551
Tyson,Jost,C/LW/RW,6,900000,-0.1,10.0,19,F,0.05436198148886123
David,Perron,LW/RW,82,3750000,4.7,26.0,29,F,5.064904751867596
Oskar,Sundqvist,C,10,792500,-0.4,81.0,23,F,-0.20789856020011566
Tim,Schaller,C,59,600000,1.1,300.0,27,F,1.4476817623976013
Brayden,Schenn,C/LW,79,6000000,6.2,5.0,26,F,6.77276353604509
Justin,Faulk,D,75,5500000,6.6,37.0,25,D,5.500733745270894
Joseph,Cramarossa,C/LW,59,724500,0.6,65.0,25,F,0.6798952393964723
Daniel,Carr,LW,33,725000,0.8,300.0,26,F,0.5043923074980114
Radko,Gudas,D,67,4000000,5.5,66.0,27,D,4.27285472405793
Gabriel,Bourque,LW/RW,6,800000,-0.1,132.0,27,F,-0.03646809400752227
Roman,Josi,D,72,4250000,8.7,38.0,27,D,7.096982988857176
Jaccob,Slavin,D,82,742500,8.6,120.0,23,D,6.196864859454691
Greg,Pateryn,D,36,750000,1.5,128.0,27,D,1.6977614219208397
Anton,Stralman,D,73,4500000,4.8,216.0,31,D,3.677446454568773
Adam,Larsson,D,79,3000000,5.5,4.0,25,D,4.392664478730328
Nic,Dowd,C,70,630000,1.3,198.0,27,F,2.5136807660912215
Antoine,Roussel,LW,60,2200000,2.7,300.0,28,F,3.419379927277299
Brian,Lashoff,D,5,650000,-0.2,300.0,27,D,-0.05790946272646445
Paul,Byron,LW/C/RW,81,1300000,6.0,179.0,28,F,5.384613033740934
Alex,Wennberg,C,80,925000,5.9,14.0,23,F,6.773601436096622
Korbinian,Holzer,D,32,700000,1.5,111.0,29,D,0.8772111952234465
Martin,Marincin,D,25,1200000,1.4,46.0,25,D,0.8178764157291112
Ivan,Provorov,D,82,925000,5.7,7.0,20,D,5.781920762126857
Lawson,Crouse,LW,72,925000,-0.3,11.0,20,F,0.6890502566303714
Jordan,Staal,C/LW,75,6000000,4.6,2.0,29,F,5.128848968608706
Boyd,Gordon,C/RW,13,950000,-0.2,17.0,34,F,-0.0639392745882865
Elias,Lindholm,C/RW,72,2500000,4.1,5.0,23,F,5.0769891344473175
Erik,Haula,C/LW,72,1050000,2.8,182.0,26,F,3.3794722176823297
Anton,Blidh,LW,19,792500,0.0,180.0,22,F,-0.04204670381036781
Patrick,Cannone,C,3,600000,0.0,300.0,31,F,-0.05337014611068676
Carl,Soderberg,C/LW,80,4750000,-0.4,49.0,32,F,1.3769924741513209
Dillon,Simpson,D,3,925000,0.0,92.0,24,D,-0.030535798108982375
John,Tavares,C,77,6000000,7.8,1.0,27,F,8.035869328465974
Alex,Nylander,RW/LW,4,925000,0.0,8.0,19,F,0.05187722056535157
Remi,Elie,LW,18,767500,0.6,40.0,22,F,0.6436478696716936
Cam,Atkinson,RW,82,3500000,8.9,157.0,28,F,8.044270233088467
Nick,Leddy,D,81,4500000,7.0,16.0,26,D,6.426328697122321
Jordin,Tootoo,RW,50,750000,-0.3,98.0,34,F,-0.3106723550181212
Kris,Russell,D,68,3100000,3.1,67.0,30,D,4.783724591530968
Matt,Dumba,D,76,2350000,6.9,7.0,23,D,4.466609663695394
Buddy,Robinson,RW,4,750000,0.0,300.0,26,F,-0.10710725147875783
Jack,Skille,RW,55,700000,0.9,7.0,30,F,0.5433146193380151
Mark,Giordano,D,81,6750000,9.4,300.0,34,D,7.221972063296596
Ryan,Carpenter,C,11,600000,0.7,300.0,26,F,0.27508843179494497
Nelson,Nogier,D,10,650000,-0.1,101.0,21,D,-0.10614449955231926
Simon,Despres,D,1,2600000,0.0,30.0,26,D,-0.008968550643045387
Kevin,Labanc,RW,55,667500,2.3,171.0,22,F,2.0659369452090672
Troy,Stecher,D,71,925000,3.7,300.0,23,D,2.8398139920507774
Dwight,King,LW/RW,80,2100000,1.1,109.0,28,F,1.5514200540109364
Jeff,Petry,D,80,7000000,6.0,45.0,30,D,5.572606456606064
Riley,Barber,RW,3,667500,0.0,167.0,23,F,-0.07308363970872143
James,Neal,RW/LW,70,5000000,4.6,33.0,30,F,4.848812417259133
Alec,Martinez,D,82,3900000,6.8,95.0,30,D,6.9503741454533525
Jordan,Martinook,LW/C,77,625000,1.7,58.0,25,F,3.3015570484647254
Tomas,Tatar,LW/C/RW,82,2750000,5.4,60.0,27,F,5.505314162627279
Evgeny,Kuznetsov,C/LW,82,3400000,6.7,26.0,25,F,6.543775659623023
John,Quenneville,C,12,842500,0.4,30.0,21,F,0.3105533800286676
Brooks,Orpik,D,79,5500000,5.0,18.0,37,D,2.8823468947049125
Yanni,Gourde,C,20,575000,1.0,300.0,26,F,0.7240557010391664
Justin,Abdelkader,LW/RW,64,5500000,0.7,42.0,30,F,2.0243015561563125
Mike,Vecchione,C/RW,2,925000,-0.1,300.0,24,F,-0.0314108267808573
Artem,Anisimov,C/LW,64,5750000,5.6,54.0,29,F,5.298075917445873
Reid,Boucher,C/LW,39,715000,0.9,99.0,24,F,0.8839224637878258
Jakob,Chychrun,D,68,925000,3.0,16.0,19,D,3.3387127333837388
Clayton,Stoner,D,14,3250000,0.7,79.0,32,D,0.39404103520685446
Aaron,Ekblad,D,68,925000,3.4,1.0,21,D,3.0913646080096004
Josh,Manson,D,82,825000,5.3,160.0,26,D,2.947122523850114
Mikael,Backlund,C,81,3575000,6.2,24.0,28,F,6.457198325356291
T.J.,Tynan,C/RW,3,600000,-0.1,66.0,25,F,-0.06134861794955869
Brandon,Dubinsky,C/LW,80,5850000,4.1,60.0,31,F,5.00834684789513
Ryan,Dzingel,LW/RW/C,81,750000,3.5,204.0,25,F,3.6643007725756442
Andy,Greene,D,66,5000000,2.6,300.0,35,D,2.9200397124221213
Brett,Lernout,D,2,660000,0.0,73.0,22,D,0.004507965860283375
Mathieu,Perreault,C/LW,65,3000000,4.0,177.0,29,F,5.102769411855125
Derek,Dorsett,RW,14,2500000,0.1,189.0,31,F,0.32203763960340154
Patrick,Wiercioch,D,57,800000,1.5,42.0,27,D,1.509408720806987
Nick,Schmaltz,C/LW,61,925000,2.7,20.0,21,F,2.683281994533357
Patrick,Kane,RW/C,82,13800000,10.8,1.0,29,F,10.290957804137937
Reilly,Smith,RW/C/LW,80,3500000,3.1,69.0,26,F,4.338387103283278
Jeff,Carter,C/RW,82,7000000,9.0,11.0,32,F,8.22380588406127
Joe,Pavelski,C/RW,81,6000000,8.7,205.0,33,F,9.717864775180969
Matthew,Tkachuk,LW,76,925000,5.4,6.0,20,F,5.03643790065128
Valentin,Zykov,LW,2,727500,0.2,37.0,22,F,0.10778072327208812
Lee,Stempniak,RW,82,2500000,4.3,148.0,34,F,4.618582876019615
Luke,Schenn,D,78,1000000,1.7,5.0,28,D,2.269691349749382
Luke,Gazdic,LW,11,700000,-0.2,172.0,28,F,-0.12986451757200287
Michael,Raffl,LW/C,52,2350000,0.7,300.0,29,F,0.9686440498930488
Brenden,Dillon,D,81,2750000,2.6,300.0,27,D,1.519667458271127
Auston,Matthews,C,82,925000,9.7,1.0,20,F,9.422024252660504
Drew,Doughty,D,82,7450000,10.5,2.0,28,D,6.613945897867409
Rasmus,Ristolainen,D,79,5400000,7.6,8.0,23,D,7.160584170996343
Nic,Petan,LW/C,54,750000,-0.1,43.0,22,F,0.6372251042363036
Scott,Mayfield,D,25,575000,1.3,34.0,25,D,1.249199728896231
Alex,Tuch,RW,6,925000,-0.3,18.0,21,F,-0.029308656046198006
Mike,Reilly,D,17,925000,0.4,98.0,24,D,-0.044420258021281724
Alex,Burrows,LW/RW,75,3000000,3.6,300.0,36,F,3.434046754412036
Casey,Nelson,D,11,650000,-0.1,300.0,25,D,-0.20135167170773413
Dennis,Rasmussen,C,68,575000,-0.4,300.0,27,F,0.7446071032277662
Chris,VandeVelde,C/LW,81,725000,0.7,97.0,30,F,1.8242432837539195
Mattias,Ekholm,D,82,3000000,4.6,102.0,27,D,3.973791302672768
Brandon,Manning,D,65,950000,2.1,300.0,27,D,1.9372121793051986
Adam,Mcquaid,D,77,3000000,3.3,55.0,31,D,2.8168513577309073
J.T.,Brown,RW,64,1250000,-0.4,300.0,27,F,0.056733755706388944
Matt,Bartkowski,D,24,575000,0.4,190.0,29,D,0.11820964443698234
Zac,Dalpe,C,9,600000,0.3,45.0,28,F,0.22915079801649224
Jaromir,Jagr,RW,82,4000000,4.9,5.0,45,F,4.7678482402294415
Devin,Setoguchi,RW,45,575000,0.8,8.0,30,F,0.8047995036511608
Kevin,Rooney,C,4,625000,-0.2,300.0,24,F,-0.08756383305493443
Matt,Nieto,LW/RW,59,735000,0.4,47.0,25,F,1.3348863693654327
Connor,Jones,C/LW,4,575000,0.0,300.0,27,F,-0.04708799127363858
Andreas,Martinsen,LW/C,64,640000,-0.4,300.0,27,F,0.1762562337453777
Shane,Prince,LW/C,50,800000,1.0,61.0,25,F,1.4766258459508483
J.T.,Compher,LW/C,21,925000,0.4,35.0,22,F,0.6192957635404099
Jussi,Jokinen,LW/RW/C,69,4000000,1.9,192.0,34,F,3.6162967089064453
Brandon,Saad,LW/RW,82,5750000,7.2,43.0,25,F,6.147061677205422
Noel,Acciari,C,29,892500,0.5,300.0,26,F,0.025945887730585045
Kris,Letang,D,41,7250000,4.5,62.0,30,D,4.697767737703512
Mike,Ribeiro,C,46,3500000,1.8,45.0,37,F,2.1835871966327955
David,Warsofsky,D,7,575000,-0.1,95.0,27,D,0.18954979101274252
Sidney,Crosby,C,75,10900000,12.3,1.0,30,F,11.30945509719342
Blake,Speers,C,3,667500,0.0,67.0,20,F,-0.06112333487677721
Darnell,Nurse,D,44,832500,2.4,7.0,22,D,1.6987704161559565
Vladimir,Tarasenko,RW,82,8000000,10.2,16.0,26,F,9.254411078320086
Peter,Cehlarik,LW/RW,11,692500,0.0,90.0,22,F,0.0907264379849424
Eric,Staal,C,82,3500000,8.1,2.0,33,F,7.819578657327114
Micheal,Ferland,LW/RW,76,900000,2.9,133.0,25,F,3.060024584641612
Bobby,Farnham,RW,3,575000,0.0,300.0,28,F,-0.03190869171894529
Andy,Andreoff,LW/C,36,600000,-0.4,80.0,26,F,-0.314308033896473
Mackenzie,Weegar,D,3,705000,0.1,206.0,23,D,-0.0432914764353328
Jakob,Forsbacka Karlsson,C,1,900000,0.0,45.0,21,F,-0.008140433880370425
Rick,Nash,RW/LW,67,8000000,5.0,1.0,33,F,4.904525951472417
Michael,Stone,D,64,4000000,3.3,69.0,27,D,3.4867041089815505
Aaron,Ness,D,2,575000,-0.1,40.0,27,D,-0.009886818074708148
Melker,Karlsson,C/RW,67,1850000,2.6,300.0,27,F,2.793350065279415
David,Schlemko,D,62,2500000,3.7,300.0,30,D,3.2341015430271103
Nicholas,Baptiste,RW,14,740000,0.6,69.0,22,F,0.24269114739561304
Sergey,Kalinin,C/RW,43,800000,-0.6,300.0,26,F,-0.05115742684774523
Brayden,Point,C,68,667500,4.7,79.0,21,F,4.675843246864796
Benoit,Pouliot,LW,67,4000000,0.6,4.0,31,F,1.703385045841365
Linden,Vey,RW/C,4,700000,-0.2,96.0,26,F,-0.08648045260794276
Erik,Karlsson,D,77,7000000,12.9,15.0,27,D,11.650362246373902
Sami,Vatanen,D,71,5000000,4.9,106.0,26,D,4.327814782884342
Phil,Kessel,RW/C,82,9000000,7.3,5.0,30,F,7.755475722428882
Nikita,Scherbak,RW,3,925000,0.2,26.0,22,F,0.08944252165529323
Victor,Rask,C,82,4000000,4.2,42.0,24,F,5.166398206482603
Oliver,Bjorkstrand,RW,26,600000,1.7,89.0,22,F,1.3070444534093386
Pierre-Edouard,Bellemare,LW/C,82,725000,-0.4,300.0,32,F,0.9653037870828131
Adam,Erne,LW,26,925000,-0.2,33.0,22,F,0.1245944971706013
Frank,Vatrano,C/LW,44,792500,2.2,300.0,23,F,1.7607578387669047
Radek,Faksa,C,80,832500,2.4,13.0,23,F,4.140449198905017
Leo,Komarov,C/LW,82,2950000,2.8,180.0,30,F,4.186296217153413
Nikita,Kucherov,RW,74,4250000,12.0,58.0,24,F,10.590672941225508
Zach,Sanford,LW,39,875000,0.7,61.0,23,F,0.6537386841711772
Seth,Griffith,C/RW,24,625000,0.3,131.0,24,F,0.1541738279406575
Sergey,Tolchinsky,LW,2,575000,0.1,300.0,22,F,0.04580923624067634
Steven,Kampfer,D,11,625000,0.2,93.0,29,D,0.20930764558845494
Matt,Read,RW/LW,63,4000000,2.0,300.0,31,F,1.952469133881464
Brock,Nelson,C/LW,81,2500000,4.7,30.0,26,F,5.5669162998514805
Luke,Glendening,C/RW/LW,74,675000,0.0,300.0,28,F,1.4210083650062386
Patrik,Nemeth,D,40,900000,0.3,41.0,25,D,0.46652247853354634
Anton,Lander,C/LW/RW,22,1050000,0.3,40.0,26,F,0.0804772360536248
Ryan,Spooner,C/LW,78,1100000,3.7,45.0,25,F,4.201102272456006
Jake,Virtanen,RW,10,925000,0.0,6.0,21,F,-0.09483139163297925
Max,McCormick,RW/LW/C,7,650000,-0.2,171.0,25,F,-0.1467601312167537
Cody,Eakin,C,60,3850000,-0.5,85.0,26,F,1.3267402236297212
Zach,Parise,LW,69,9000000,4.3,17.0,33,F,5.578918377706005
Brock,Boeser,RW,9,925000,0.8,23.0,20,F,0.5085529481296208
Phil,Varone,C,7,700000,-0.2,147.0,27,F,-0.11848744455971277
Markus,Hannikainen,LW,10,742500,0.2,300.0,24,F,0.07716844007859355
Marko,Dano,C/LW/RW,38,925000,0.9,27.0,23,F,0.8146522123205743
Gustav,Nyquist,RW/C/LW,76,4250000,4.7,121.0,28,F,5.143425030634704
Dominik,Simon,C,2,667500,0.0,137.0,23,F,0.06233487104030306
David,Backes,RW/C,74,8000000,4.5,62.0,33,F,4.809783443316276
Barclay,Goodrow,RW/C,3,635000,0.1,300.0,24,F,0.041719141375358135
Tyler,Ennis,LW/C/RW,51,3650000,0.6,26.0,28,F,1.0931983366859601
Sean,Couturier,C,66,3750000,3.9,8.0,25,F,3.9639487584402127
Marian,Gaborik,RW,56,6075000,2.2,3.0,35,F,2.040083865621055
Kevin,Connauton,D,24,950000,0.4,83.0,27,D,0.009719555863801244
Adrian,Kempe,LW/C,25,925000,0.4,29.0,21,F,0.3095857778775342
Deryk,Engelland,D,81,2750000,3.9,194.0,35,D,3.7745944032090035
Paul,Martin,D,81,5000000,5.8,62.0,36,D,4.418864556471193
Bryan,Little,C/RW,59,5000000,5.3,12.0,30,F,5.398860432692342
P.K.,Subban,D,66,11000000,6.1,43.0,28,D,5.976516495327356
Tyler,Graovac,C,52,600000,1.1,191.0,24,F,0.7503181100345964
Erik,Johnson,D,46,6000000,2.9,1.0,29,D,2.9218677156131863
Andrej,Nestrasil,C/RW/LW,19,950000,0.2,75.0,26,F,0.29525656832800784
Emerson,Etem,LW/RW,3,775000,0.0,29.0,25,F,-0.08614361589344002
Sven,Baertschi,LW,68,1700000,4.1,13.0,25,F,4.003621390418133
Drew,Miller,LW/RW,55,1025000,0.0,186.0,33,F,1.0921485790306353
Nick,Ritchie,LW,77,925000,3.2,10.0,22,F,2.8833788321070943
Mikko,Koivu,C,80,5400000,6.6,6.0,34,F,7.1023091886756795
Ryan,Kesler,C/RW,82,7875000,6.5,23.0,33,F,7.59188069409889
Austin,Czarnik,C,49,842500,0.7,300.0,25,F,1.101120788168906
Jiri,Hudler,RW/LW,32,2000000,0.7,58.0,33,F,0.686000203986583
Dmitry,Orlov,D,82,2570000,7.7,55.0,26,D,4.653706141305693
Cody,Bass,C,9,575000,-0.1,95.0,30,F,-0.12439546336110138
Mikhail,Grigorenko,C,75,1300000,1.6,12.0,23,F,2.2108600811148036
Kyle,Turris,C,78,4000000,6.5,3.0,28,F,7.367291635987447
Zach,Werenski,D,78,925000,9.1,8.0,20,D,6.135240460438295
Mark,McNeill,C/RW,1,600000,-0.1,18.0,24,F,-0.00261398788057602
Jakub,Voracek,RW,82,10000000,5.6,7.0,28,F,6.926021424837307
Gabriel,Carlsson,D,2,925000,0.0,29.0,20,D,0.08769502072062475
Matt,Stajan,C,81,3000000,1.6,57.0,34,F,2.2645859086436113
Hunter,Shinkaruk,C/LW,7,832500,-0.1,24.0,23,F,-0.02565547604259452
Griffen,Molino,C,5,925000,-0.2,300.0,23,F,-0.12056563595576095
Riley,Nash,C/RW,81,900000,1.0,21.0,28,F,1.5355592439918182
Trevor,van Riemsdyk,D,58,750000,4.3,300.0,26,D,2.9239128634292113
Andre,Burakovsky,LW/C,64,832500,4.1,23.0,22,F,3.736990053292935
Michael,Kapla,D,5,925000,0.0,300.0,23,D,-0.02095352747637662
Cody,McLeod,LW/RW,59,1250000,0.4,300.0,33,F,0.009241812669622415
Tyler,Wotherspoon,D,4,625000,-0.1,57.0,24,D,-0.04192943352832987
Chris,Kelly,C/LW,82,900000,-0.4,94.0,37,F,1.2769109699121812
Ryan,McDonagh,D,77,5000000,7.8,12.0,28,D,6.934020726292873
Kyle,Palmieri,RW/C/LW,80,4500000,7.1,26.0,26,F,6.424097596899747
Calvin,de Haan,D,82,2900000,5.4,12.0,26,D,5.479933623371402
Paul,Thompson,RW,21,575000,-0.1,300.0,29,F,0.09122042192445051
Zack,Mitchell,RW,11,640000,-0.2,300.0,24,F,-0.24524923490941283
Zdeno,Chara,D,75,5000000,8.0,56.0,40,D,5.379908565781804
Scott,Hartnell,LW,78,5000000,4.6,6.0,35,F,4.167177065912713
Karl,Stollery,D,11,575000,0.2,300.0,30,D,0.38398493762808533
Andrew,Cogliano,LW/C/RW,82,3100000,4.2,25.0,30,F,3.7439136312256363
Milan,Lucic,LW,82,8000000,5.7,50.0,29,F,5.859529003298762
Logan,Couture,C/LW,73,6000000,6.9,9.0,28,F,7.207539229987524
Sebastian,Aho,RW/LW,82,925000,5.9,35.0,20,F,5.7260890240590125
Nino,Niederreiter,RW,82,3500000,7.4,5.0,25,F,6.453390962746992
Michael,Bournival,LW,19,575000,0.1,71.0,25,F,0.1335292213278686
Evander,Kane,LW,70,6000000,5.1,4.0,26,F,5.488650942802914
Hampus,Lindholm,D,66,3000000,5.6,6.0,23,D,3.426536555245971
Nikita,Nesterov,D,48,725000,3.1,148.0,24,D,1.6844683966047285
Tyler,Bertuzzi,LW,7,667500,-0.1,58.0,22,F,-0.17168640214745046
Jared,Spurgeon,D,76,4250000,8.9,156.0,28,D,6.371488782331707
Lukas,Sedlak,C/LW,62,600000,1.6,158.0,24,F,1.3363963259317062
Drake,Caggiula,LW/C,60,925000,1.6,300.0,23,F,1.5301905810797805
Steve,Ott,C/LW,53,800000,-0.1,25.0,35,F,0.28303315971793325
Alex,Ovechkin,LW/RW,82,10000000,8.7,1.0,32,F,8.451256146055368
Cal,O'Reilly,C,11,700000,-0.3,150.0,31,F,-0.08345015391792718
Darren,Helm,C,50,5000000,1.4,132.0,30,F,1.763789412683281
Nick,Cousins,C/LW,60,840000,1.1,68.0,24,F,1.4343604733359212
Brad,Hunt,D,12,600000,0.9,300.0,29,D,0.42837184801609657
Shayne,Gostisbehere,D,76,925000,5.2,78.0,24,D,5.621848469270368
Logan,Shaw,C/RW,55,660000,0.7,76.0,25,F,0.4819867071411791
Riley,Sheahan,C,80,2075000,-1.2,21.0,26,F,0.8953779091499958
Paul,Stastny,C,66,7000000,4.5,44.0,32,F,4.661726726063121
Blake,Wheeler,RW,82,5800000,8.2,5.0,31,F,9.042845295162916
Zemgus,Girgensons,C/LW,75,1150000,0.8,14.0,23,F,1.1943588567959995
Dylan,Larkin,C/LW,80,925000,2.3,15.0,21,F,3.6273265925597205
Paul,Ladue,D,22,925000,1.0,181.0,25,D,0.7219592165938862
Niklas,Kronwall,D,57,5500000,2.3,29.0,36,D,2.0651582997379374
Tomas,Hertl,C/RW,49,2800000,1.9,17.0,24,F,2.71850020521542
Drew,Stafford,RW/LW,58,4350000,2.1,13.0,32,F,1.6765330383178376
Ian,McCoshen,D,3,925000,0.2,31.0,22,D,0.06017184551802718
Joel,Ward,RW/C,78,3275000,2.2,300.0,37,F,3.5943081327545583
Chris,Stewart,RW/LW,79,1200000,2.3,18.0,30,F,1.9475627765243353
Derek,MacKenzie,C/LW,82,1300000,0.6,128.0,36,F,1.8664391189906078
Alexey,Marchenko,D,41,1300000,2.3,205.0,25,D,1.4486587729758378
Rene,Bourque,RW/LW,65,650000,1.2,300.0,36,F,1.8383637312821668
Mark,Scheifele,C,79,5000000,10.3,7.0,24,F,9.863966084927899
Blake,Coleman,C/LW,23,692500,-0.4,75.0,26,F,0.1122353795365673
Mirco,Mueller,D,4,832500,0.5,18.0,22,D,0.21951253512311528
Taylor,Chorney,D,18,775000,1.5,36.0,30,D,0.7332069348850083
Victor,Hedman,D,79,4250000,12.0,2.0,27,D,10.093639639686632
Steven,Santini,D,38,925000,1.3,42.0,22,D,0.7094393387431013
Nicolas,Kerdiles,LW,1,925000,0.0,36.0,23,F,0.025202137418792736
Tanner,Glass,LW,11,1000000,0.1,265.0,34,F,0.1316960552668084
Dan,Renouf,D,1,692500,0.0,300.0,23,D,0.008639593141884016
Colin,Miller,D,61,900000,3.3,151.0,25,D,1.6555585575291383
Josh,Leivo,LW,13,575000,1.1,86.0,24,F,0.9396613164984715
Jake,Guentzel,C/LW,40,667500,4.4,77.0,23,F,3.8410304014847774
Danny,DeKeyser,D,82,4000000,2.0,300.0,27,D,3.564345727204296
Ty,Rattie,RW,9,650000,0.0,32.0,24,F,0.04556591861209932
Alex,Petrovic,D,49,1200000,2.7,36.0,25,D,1.8017420760014775
Kevin,Gravel,D,49,667500,2.3,148.0,25,D,1.3103296053297464
Brendan,Guhle,D,3,667500,0.1,51.0,20,D,0.07193478110241702
Duncan,Keith,D,80,6000000,9.5,54.0,34,D,7.146351521503974
Kevin,Fiala,LW,54,925000,1.8,11.0,21,F,1.6027758855535674
Derek,Ryan,C,67,600000,2.6,300.0,31,F,3.2830675913898504
Tom,Pyatt,LW/C,82,800000,1.8,107.0,30,F,3.4841255346484017
Brendan,Gallagher,RW,64,4500000,3.0,147.0,25,F,3.051730031105856
Tyler,Motte,LW/C,33,925000,0.6,121.0,22,F,0.7112973470086168
Clayton,Keller,C/LW,3,900000,0.0,7.0,19,F,0.11887003025941026
Matt,Tennyson,D,45,675000,0.3,300.0,27,D,0.5819120560123241
Jeff,Skinner,LW/C/RW,79,6000000,8.8,7.0,25,F,8.166038441260254
Ben,Street,C,6,600000,0.1,300.0,30,F,-0.05098345488695902
Lauri,Korpikoski,LW/RW,69,1000000,1.8,19.0,31,F,1.9751619019566378
Mark,Streit,D,68,4000000,3.9,262.0,40,D,4.448183700693576
Daniel,O'Regan,C/LW,3,792500,0.1,138.0,23,F,0.12072706618577614
Calle,Jarnkrok,C,81,1700000,2.9,51.0,26,F,3.356923882683565
Brian,Strait,D,5,600000,0.2,65.0,29,D,0.2309623245767639
Cam,Fowler,D,80,4000000,8.3,12.0,26,D,6.368234692283075
Carl,Hagelin,LW,61,3667000,1.5,168.0,29,F,2.2544430841077383
Jonathan,Drouin,LW,73,832500,5.5,3.0,22,F,6.07841436759893
Oscar,Klefbom,D,82,3000000,7.6,19.0,24,D,6.484386431454063
Seth,Jones,D,75,5400000,7.8,4.0,23,D,6.234121425033167
Chris,Kreider,LW/C,75,5000000,6.8,19.0,26,F,6.494519197631853
Eric,Gelinas,D,27,1650000,0.2,54.0,26,D,-0.1934749964909041
Brett,Pesce,D,82,792500,6.5,66.0,23,D,4.0817725240146805
Sean,Malone,C,1,925000,0.0,159.0,22,F,0.002306849160059181
David,Desharnais,C,49,3500000,1.4,300.0,31,F,1.0610997212829265
Colin,Wilson,LW/C,70,4000000,3.8,7.0,28,F,3.5938588058134053
Kevin,Hayes,C/RW,76,2600000,5.3,24.0,25,F,5.6588500300710205
Martin,Hanzal,C,71,3500000,3.7,17.0,30,F,5.150803800852941
Anthony,Deangelo,D,39,925000,1.7,19.0,22,D,1.9223377958284504
Tanner,Richard,C,3,575000,-0.1,71.0,24,F,-0.02950654019447728
Bryan,Rust,RW,57,620000,3.3,80.0,25,F,3.2629372312221885
Kevan,Miller,D,58,2500000,3.1,300.0,30,D,1.9350569525509698
Mike,Hoffman,LW/C,74,3800000,8.3,130.0,28,F,7.4934777871803036
Yohann,Auvitu,D/LW,25,792500,1.3,300.0,28,F,0.15638676321254266
Chris,Didomenico,C/RW,3,575000,-0.1,164.0,28,F,-0.024728546283717727
Colton,Sissons,C,58,575000,1.4,50.0,24,F,0.7976889620082452
Ivan,Barbashev,C,30,742500,1.5,33.0,22,F,1.0855280628636783
Jamie,Benn,LW,77,5750000,7.5,129.0,28,F,8.837763285973029
Bracken,Kearns,C,2,800000,-0.1,300.0,36,F,-0.0193090248671708
Blake,Pietila,LW/C,10,675000,-0.3,129.0,24,F,-0.031075825815825506
Jake,Gardiner,D,82,4050000,8.7,17.0,27,D,5.8203709650024535
Nikita,Soshnikov,RW,56,742500,0.5,300.0,24,F,0.6279494877807001
Evan,McEneny,D,1,575000,-0.1,300.0,23,D,-0.029349729758854443
Tommy,Wingels,C/RW/LW,73,2600000,0.4,177.0,29,F,1.5590046046298158
Joe,Morrow,D,17,800000,0.1,23.0,25,D,0.07900318573859151
Slater,Koekkoek,D,29,832500,0.5,10.0,23,D,0.26196902710850095
Jesse,Puljujarvi,RW,28,925000,0.7,4.0,19,F,0.46799892880256877
Jori,Lehtera,C,64,4400000,1.4,65.0,30,F,2.1959431341749833
Connor,Murphy,D,77,2400000,2.5,20.0,24,D,2.957577956220983
Matt,Moulson,LW,81,5000000,3.5,263.0,34,F,3.678253784355667
Ryan,Ellis,D,71,2500000,8.7,11.0,26,D,6.439688947838446
Chris,Terry,LW/RW,14,600000,0.4,132.0,28,F,0.2782728858244201
Josh,Jooris,RW/C,54,600000,0.6,300.0,27,F,0.855247882404393
Vernon,Fiddler,C/LW,59,1250000,-0.9,300.0,37,F,0.08409746150750905
Jason,Dickinson,C,10,925000,0.1,29.0,22,F,0.11583540590786157
Antoine,Vermette,C/LW,72,1750000,2.0,55.0,35,F,3.213374232855211
Zach,Redmond,D,16,575000,1.2,184.0,29,D,0.4889630694527951
Ryan,Garbutt,C/LW,27,2000000,0.0,300.0,32,F,-0.01675248315549767
Stephen,Johns,D,61,650000,1.3,60.0,25,D,2.9239487196035014
Matt,Martin,LW/RW,82,3500000,0.2,148.0,28,F,0.6961420893933418
Trevor,Lewis,C/RW/LW,82,2000000,2.2,17.0,30,F,2.3408382488190966
Matt,Hunwick,D,72,1200000,3.6,224.0,32,D,3.127682094615188
Chris,Kunitz,LW,71,3550000,1.9,300.0,38,F,2.903176758085796
Scott,Laughton,C/LW,2,832500,0.0,20.0,23,F,-0.05441499064109212
Danton,Heinen,C,8,767500,-0.3,116.0,22,F,-0.13773695514906964
Brett,Ritchie,RW,78,875000,3.1,44.0,24,F,2.6319138477782844
Ryan,Johansen,C/RW,82,6000000,5.8,4.0,25,F,6.682671884997749
Joe,Thornton,C,79,6750000,4.3,1.0,38,F,5.497367085487331
Christian,Dvorak,C/LW,78,792500,3.6,58.0,21,F,4.009656200177022
Trevor,Daley,D,56,2700000,3.2,43.0,34,D,2.9033325360614715
Austin,Watson,LW,77,575000,1.4,18.0,25,F,2.0303722257100256
Andrew,MacDonald,D,73,4750000,3.7,160.0,31,D,4.196854632789846
Anthony,Bitetto,D,29,575000,0.9,168.0,27,D,0.667909252617467
Kevin,Porter,C,2,575000,-0.1,119.0,31,F,-0.03153410455221535
Frederik,Gauthier,C,21,832500,0.3,21.0,22,F,0.23296322586076543
Tyler,Seguin,C/RW,82,6000000,7.5,2.0,25,F,8.266726930001742
Ryan,Murray,D,60,2825000,2.4,2.0,24,D,1.9832075020318118
Luca,Sbisa,D,82,3600000,3.7,19.0,27,D,2.7020610194722963
Joel,Hanley,D,7,600000,-0.2,300.0,26,D,-0.09574872528300563
Michal,Rozsival,D,22,600000,0.4,105.0,39,D,0.43203105545514836
Johnny,Boychuk,D,66,7000000,4.8,61.0,33,D,4.386884486798724
Tyler,Gaudet,C,4,874125,0.0,300.0,24,F,0.001821518555185031
Jordan,Nolan,C/LW/RW,46,1000000,0.5,186.0,28,F,0.4869909130310046
Jack,Eichel,C,61,925000,6.6,2.0,21,F,7.009226080590153
Mark,Borowiecki,D,70,1100000,1.3,139.0,28,D,1.2405992381974833
Dylan,Strome,C,7,925000,-0.3,3.0,20,F,-0.05136835183760619
Adam,Cracknell,RW/C,69,600000,1.9,279.0,32,F,2.1775582415210297
Jake,Muzzin,D,82,4000000,5.4,141.0,28,D,5.194335668278667
Daniel,Winnik,LW/C,72,1800000,3.0,265.0,32,F,3.2774274633487797
Martin,Frk,RW,2,650000,-0.2,49.0,24,F,-0.03030261657738159
Niklas,Hjalmarsson,D,73,4100000,4.4,108.0,30,D,4.958795967507015
Cristoval,Nieves,C/LW,1,742500,-0.1,59.0,23,F,-0.009654720219387701
Zack,Kassian,RW,79,1500000,2.0,13.0,26,F,2.0532034423291017
Andrei,Markov,D,62,4250000,7.5,162.0,39,D,5.082564761931935
Bo,Horvat,C,81,832500,5.7,9.0,22,F,5.993356179960056
Paul,Carey,C,6,575000,-0.2,135.0,29,F,-0.09278053520722705
Cole,Schneider,LW/RW,4,600000,0.2,300.0,27,F,0.026552738630058137
Jaycob,Megna,D,1,925000,0.1,210.0,25,D,-0.0232773343352327
A.J.,Greer,LW,5,725000,-0.1,39.0,21,F,0.047624926225546885
Ales,Hemsky,RW,15,4000000,0.8,13.0,34,F,0.6739717634213995
Shane,Harper,RW,14,650000,0.3,300.0,28,F,0.06997900145751107
Petteri,Lindbohm,D,7,645000,-0.2,176.0,24,D,-0.05393947392670665
Dylan,McIlrath,D,6,800000,0.1,10.0,25,D,0.09641993946619024
Aleksander,Barkov,C,61,4500000,6.9,2.0,22,F,6.137810678262548
Tyler,Bozak,C,78,4500000,5.8,300.0,31,F,6.1837894647802205
Ben,Lovejoy,D,82,2500000,2.5,300.0,33,D,2.4645655256739656
Thomas,Hickey,D,76,2250000,3.2,4.0,28,D,3.1946514622371605
Cameron,Gaunce,D,12,575000,0.6,50.0,27,D,0.39640403998495144
Matt,Greene,D,26,2500000,1.2,44.0,34,D,0.2855127487372571
Christian,Fischer,RW,7,817500,0.5,32.0,20,F,0.2901125767970171
Yannick,Weber,D,73,575000,1.7,73.0,29,D,0.8472396775063099
Carter,Rowney,RW/C,27,575000,0.6,300.0,28,F,0.5209560297097915
Ron,Hainsey,D,72,2500000,3.2,13.0,36,D,3.3175624138426825
Mark,Barberio,D,60,800000,2.6,152.0,27,D,1.831376305562762
Brandon,Montour,D,27,925000,2.3,55.0,23,D,0.6919925362324658
Josh,Gorges,D,66,3900000,2.1,300.0,33,D,1.548674482423753
Trevor,Smith,C/RW,1,575000,0.0,300.0,32,F,0.008389133617386288
Dion,Phaneuf,D,81,7500000,5.9,9.0,32,D,5.6575026561763515
Harry,Zolnierczyk,LW,24,575000,0.2,300.0,30,F,0.11542286635709126
Marian,Hossa,RW,73,4000000,5.8,12.0,38,F,5.602733624583979
Jay,Bouwmeester,D,81,5600000,4.1,3.0,34,D,2.5808666639066082
Mikhail,Sergachev,D,4,925000,0.1,9.0,19,D,-0.03659428616739199
Zbynek,Michalek,D,3,3200000,0.1,300.0,35,D,0.029385154350105972
Nate,Prosser,D,39,650000,1.2,300.0,31,D,1.2115922677066757
Nick,Bonino,C,80,2100000,3.0,173.0,29,F,5.813328882090718
Dmitry,Kulikov,D,47,4500000,-0.1,14.0,27,D,1.2213050813125674
Justin,Williams,RW,80,3250000,6.2,28.0,36,F,6.045759994255707
Jay,McClement,C,65,1100000,0.0,57.0,34,F,0.7340803609393012
Cory,Conacher,C/LW,11,575000,0.3,300.0,28,F,0.23387182564855796
Dale,Weise,RW,64,2750000,1.3,111.0,29,F,1.4633837037137116
Nicolas,Deslauriers,LW,42,775000,-0.5,84.0,26,F,-0.5713260013674943
Joseph,Blandisi,LW/C,27,715000,0.4,162.0,23,F,0.7124761871052553
Joel,Armia,RW,57,875000,1.2,16.0,24,F,2.0393948937777138
Matt,Calvert,LW,65,2200000,1.1,127.0,28,F,1.7938649179282864
Nathan,Beaulieu,D,74,1000000,5.6,17.0,25,D,4.278187062357466
Peter,Holland,C,48,1300000,0.2,15.0,26,F,0.7553538660590763
Jordie,Benn,D,71,1100000,2.8,300.0,30,D,3.739917738402633
Travis,Hamonic,D,49,4875000,0.6,53.0,27,D,2.9793742376923427
Hudson,Fasching,RW,10,925000,-0.1,118.0,22,F,-0.09936831556035391
Mikael,Granlund,C,81,3200000,8.5,9.0,25,F,8.34724640486771
Ben,Hutton,D,71,925000,2.9,147.0,24,D,3.614347391803114
Thomas,Vanek,LW/RW,68,2600000,5.5,5.0,33,F,4.936042854164665
Ian,Cole,D,81,2300000,5.6,18.0,28,D,5.697443515343605
Dominic,Moore,C/LW,82,900000,2.6,95.0,37,F,2.904572283137686
Nikita,Zaitsev,D,82,925000,3.6,300.0,26,D,5.592900375364207
Kyle,Quincey,D,73,1250000,4.1,132.0,32,D,2.8682896666734403
Ben,Smith,RW/C,40,675000,-0.4,169.0,29,F,0.5716583306845042
Ben,Thomson,LW,3,635000,-0.2,96.0,24,F,-0.04644411899965138
Michael,Zalewski,LW/C,1,632500,-0.1,300.0,25,F,-0.011141411923854386
Borna,Rendulic,RW/C,1,575000,0.0,300.0,25,F,-0.02850020270790994
Steve,Oleksy,D,11,575000,0.3,300.0,31,D,0.20321371087046697
Markus,Nutivaara,D,66,792500,2.2,189.0,23,D,0.7344577486539172
Wayne,Simmonds,RW/LW,82,4300000,6.3,61.0,29,F,7.5185786355366035
John-Michael,Liles,D,36,2000000,1.3,159.0,37,D,0.6844523770829589
Derrick,Pouliot,D,11,832500,-0.3,8.0,23,D,-0.09977056081904818
Kevin,Bieksa,D,81,4000000,3.5,151.0,36,D,2.823866431817823
Patrice,Bergeron,C,79,8750000,6.6,45.0,32,F,6.511306724758017
Jason,Demers,D,81,5500000,4.9,186.0,29,D,4.381419419679406
Ryan,Reaves,RW,80,1125000,1.2,156.0,30,F,1.145814473731943
Robert,Bortuzzo,D,38,1050000,2.0,78.0,28,D,0.711971662556168
Fredrik,Claesson,D,33,700000,2.4,126.0,25,D,1.1875352567024355
Zach,Bogosian,D,56,5250000,1.4,3.0,27,D,2.1972462854171684
Nathan,MacKinnon,C/RW,82,5000000,4.8,1.0,22,F,5.8625006716644235
Chris,Wagner,C/RW,43,625000,0.9,122.0,26,F,0.7234824056389687
Francois,Beauchemin,D,81,4500000,3.7,75.0,37,D,4.235553526360757
Eric,Gryba,D,40,950000,1.0,68.0,29,D,0.9765560515876439
Jean-Gabriel,Pageau,C,82,1100000,3.4,96.0,25,F,4.514799519897847
Frederick,Gaudreau,C,9,595000,0.0,300.0,24,F,-0.0421402849918273
Troy,Brouwer,RW,74,4500000,1.7,214.0,32,F,3.2837006117632095
PA,Parenteau,RW,67,1250000,2.4,264.0,34,F,3.2164732331579584
Justin,Bailey,RW,32,692500,0.1,52.0,22,F,0.09777717075797132
Adam,Pelech,D,44,925000,1.4,65.0,23,D,1.7733083550405757
T.J.,Brodie,D,82,4838000,5.3,114.0,27,D,5.7140921577561805
Jonathan,Marchessault,C,75,750000,6.2,300.0,27,F,6.21330616489358
Mikkel,Boedker,LW/RW,81,5200000,2.1,8.0,28,F,2.7481534139994026
Stefan,Noesen,RW,44,600000,1.6,21.0,24,F,0.731336412456731
Andrew,Copp,C,64,925000,1.7,104.0,23,F,1.7641869675687838
Patric,Hornqvist,RW,70,4750000,5.5,230.0,30,F,6.091986968731274
Connor,Brown,RW,82,650000,4.0,156.0,23,F,4.776400940023087
Adam,Henrique,C,82,4500000,3.9,82.0,27,F,5.46096530828848
Brock,McGinn,LW,57,800000,1.1,47.0,23,F,1.4011381718511735
Kyle,Rau,C,24,925000,0.1,91.0,25,F,-0.08060884467273832
Jesper,Fast,RW/LW,68,1000000,1.5,157.0,26,F,2.464690339291519
Brian,Boyle,C/LW,75,2000000,2.7,26.0,33,F,2.8740044222137726
Michael,Matheson,D,81,925000,4.4,23.0,23,D,3.4820561892627784
Michael,Sgarbossa,C,38,600000,0.4,300.0,25,F,0.5318613961181211
Curtis,Lazar,C/RW,37,832500,-0.3,17.0,22,F,-0.0652500434471337
Mike,Liambas,LW,1,575000,-0.1,300.0,28,F,-0.022871116440333024
David,Savard,D,74,3500000,7.1,94.0,27,D,4.310180918530015
John,Moore,D,63,1750000,4.7,21.0,27,D,3.103436847888903
Phillip,Danault,LW/C,82,875000,3.9,26.0,24,F,4.727976694029944
Dmitrij,Jaskin,RW/LW,51,1000000,0.6,41.0,24,F,0.5558374431904005
Gabriel,Dumont,C,39,575000,0.1,139.0,27,F,0.16209735176268167
Matt,Niskanen,D,78,5750000,7.4,28.0,31,D,5.2581548306545205
Mark,Pysyk,D,82,1250000,4.3,23.0,25,D,2.675915596052423
Oscar,Lindberg,C,65,700000,1.8,57.0,26,F,2.0259128302025973
Nikita,Tryamkin,D,66,925000,2.2,66.0,23,D,1.7832693991199093
Jonathan,Toews,C,72,13800000,6.3,3.0,29,F,6.729863841980512
Andrew,Ladd,LW,78,8000000,3.1,4.0,32,F,4.421668794027356
Jon,Merrill,D,51,1000000,1.3,38.0,25,D,1.0974364315468228
Mitchell,Marner,C/RW,77,925000,6.6,4.0,20,F,7.250384720095078
Frank,Corrado,D,4,600000,-0.1,150.0,24,D,-0.03935861580403005
Nikita,Zadorov,D,56,832500,0.8,16.0,22,D,1.397794703174344
Kevin,Klein,D,60,2750000,2.8,37.0,33,D,3.086050768442666
Nikolay,Kulemin,LW/RW,72,4250000,2.2,44.0,31,F,2.6955737959486346
Alex,Galchenyuk,C/LW,61,3100000,4.9,3.0,23,F,5.105737125004188
Matt,Irwin,D,74,575000,4.0,300.0,30,D,2.831291583450293
Nick,Schultz,D,28,2250000,1.1,33.0,35,D,1.014644009214648
Tomas,Nosek,LW/C,11,575000,0.0,300.0,25,F,-0.025796735973389252
Damon,Severson,D,80,600000,3.4,60.0,23,D,3.914265851636285
Colin,McDonald,RW/C,3,625000,0.2,51.0,33,F,0.07189480687400329
Matt,Beleskey,LW,49,4000000,-0.2,112.0,29,F,0.5237297103785777
Blake,Comeau,LW/RW,77,2400000,0.7,47.0,31,F,1.7468515816163812
Phillip,Di Giuseppe,LW,36,867500,-0.3,38.0,24,F,0.26141097464024793
Torrey,Mitchell,C/RW,78,1300000,1.3,126.0,32,F,2.3773361489365215
Joel,Vermin,RW,18,575000,0.1,186.0,25,F,0.08586427177693749
Josh,Morrissey,D,82,832500,3.7,13.0,22,D,3.9236023542647387
Nicklas,Backstrom,C,82,7000000,9.9,4.0,30,F,9.861396606729341
Josh,Anderson,RW,78,700000,4.0,95.0,23,F,3.6150786510715434
Markus,Granlund,C,69,850000,3.2,45.0,24,F,3.400574693430445
Brendan,Perlini,LW,57,925000,2.3,12.0,21,F,2.079807361487979
Garnet,Hathaway,RW,26,722500,0.3,300.0,26,F,0.2327472216450665
Lars,Eller,C/LW/RW,81,4250000,2.6,13.0,28,F,2.6050311596888482
Pavel,Buchnevich,RW/LW,41,925000,2.3,75.0,22,F,1.9571763165214797
Matt,Hendricks,LW/C,42,1850000,0.3,131.0,36,F,0.9476343021689505
Derick,Brassard,C,81,5000000,4.1,6.0,30,F,4.165449796540448
Leon,Draisaitl,C,82,925000,9.6,3.0,22,F,9.447901458807568
Jake,Dotchin,D,35,615000,2.7,161.0,23,D,1.041404970960436
Jonas,Brodin,D,68,4000000,4.1,10.0,24,D,3.39052626565784
Xavier,Ouellet,D,66,715000,3.2,48.0,24,D,2.0019386919699853
Teddy,Purcell,LW/RW,12,1600000,0.0,300.0,32,F,-0.06501288249071535
Duncan,Siemens,D,3,874125,-0.1,11.0,24,D,-0.05185910733739874
Brad,Marchand,LW/C,80,5000000,12.6,71.0,29,F,11.076030051140272
Radim,Vrbata,RW,81,1000000,5.3,212.0,36,F,6.652203743152127
William,Karlsson,C,81,1000000,2.0,53.0,24,F,2.119409595347666
Jayson,Megna,C,58,600000,0.1,300.0,27,F,0.2986234434102601
Marcus,Foligno,LW,80,2250000,2.1,104.0,26,F,3.2324195084496004
Kris,Versteeg,RW/LW,69,950000,3.9,134.0,31,F,4.399852454812395
Chris,Thorburn,RW/LW,64,1200000,-0.4,50.0,34,F,-0.0950494152555299
Brian,Flynn,C/RW,51,950000,0.8,300.0,29,F,0.8619639903855788
Michael,Frolik,RW/C,82,5000000,4.9,10.0,29,F,5.312805939109992
Alex,Steen,LW/C,76,6500000,5.0,24.0,33,F,6.2815777557665005
Joel,Edmundson,D,69,900000,4.2,46.0,24,D,2.4716886698859666
Shea,Weber,D,78,12000000,10.1,49.0,32,D,7.57763711548007
Mikko,Rantanen,RW,75,925000,3.6,10.0,21,F,4.536731308184862
Joel,Eriksson Ek,C/RW/LW,15,925000,0.8,20.0,20,F,0.6498890243975703
Brandon,Tanev,LW/C/RW,51,874125,-0.6,300.0,26,F,0.026708641475193952
Valtteri,Filppula,C/LW,79,5000000,3.7,95.0,33,F,4.793091050484803
Viktor,Stalberg,LW/RW,75,1500000,1.2,161.0,31,F,1.944291618808192
Vladimir,Sobotka,LW/C,1,2725000,0.2,106.0,30,F,0.1316814807474696
Gemel,Smith,C,17,670000,0.5,104.0,23,F,0.555571526536962
Nate,Schmidt,D,60,875000,4.5,300.0,26,D,1.7451163013799795
Brian,Gionta,RW,82,3250000,3.0,82.0,38,F,3.9059612413512808
Joshua,Ho-Sang,RW/C,21,925000,1.0,28.0,21,F,0.9149221054655162
Jason,Zucker,LW/RW,79,2000000,6.7,59.0,25,F,5.698992512177427
Micheal,Haley,C,58,625000,1.0,300.0,31,F,0.8108495283454212
Julius,Honka,D,16,925000,0.5,14.0,22,D,0.5195966927937021
Cal,Clutterbuck,RW,66,3500000,1.2,72.0,30,F,1.7424449431098268
Matthew,Benning,D,62,925000,3.5,175.0,23,D,2.3408370283678375
Nick,Holden,D,80,1650000,6.8,300.0,30,D,4.789838612600591
Viktor,Arvidsson,LW/RW,80,640000,8.7,112.0,24,F,7.861283654129325
Jacob,De la Rose,LW,9,925000,-0.3,34.0,22,F,-0.14450672551494181
Vladislav,Namestnikov,C/LW,74,1900000,2.2,27.0,25,F,2.8849680430816544
Robby,Fabbri,C/LW,51,925000,2.5,21.0,21,F,2.839832546213214
Ondrej,Palat,LW,75,4000000,5.6,208.0,26,F,7.028682510853425
Ryan,Callahan,RW,18,6500000,0.1,127.0,32,F,0.4347415877610365
Magnus,Paajarvi,LW,32,700000,2.1,10.0,26,F,1.2984742044866728
Travis,Konecny,C/LW,70,925000,2.7,24.0,20,F,2.885492801192456
Jimmy,Vesey,LW,80,925000,2.2,66.0,24,F,3.3392939447023933
Philip,Larsen,D,26,1025000,0.7,149.0,28,D,0.6551737725347413
Nikolaj,Ehlers,LW,82,925000,7.2,9.0,21,F,7.486790543170881
Brady,Skjei,D,80,925000,6.4,28.0,23,D,4.624577685699741
Jay,Beagle,C/RW,81,1750000,3.5,300.0,32,F,3.29770211903985
Taylor,Hall,LW/C,72,6000000,5.9,1.0,26,F,6.215419714533339
Nail,Yakupov,RW/LW,40,2500000,0.5,1.0,24,F,0.3440903938908386
Vinnie,Hinostroza,LW/C,49,667500,1.1,169.0,23,F,1.401503860538718
Braydon,Coburn,D,80,3700000,3.2,8.0,32,D,1.8090047841429437
Patrick,Brown,C,14,650000,-0.5,300.0,25,F,-0.2722723440296134
Colin,White,C/D,2,925000,0.0,21.0,20,F,-0.035856753316432816
Samuel,Morin,D,1,832500,0.0,11.0,22,D,-0.02777251962856349
Conor,Sheary,LW,61,667500,7.3,300.0,25,F,6.119196306905691
Brendan,Gaunce,C/LW,57,832500,-0.3,26.0,23,F,-0.40697917271040784
Daniel,Sedin,LW,82,7000000,3.8,2.0,37,F,4.5603827286272045
Patrik,Laine,RW,73,925000,8.9,2.0,19,F,8.23155728726474
Pavel,Zacha,C,70,925000,1.5,6.0,20,F,2.1994400399459333
Vincent,Trocheck,C/RW,82,3750000,5.5,64.0,24,F,7.107534680430437
Dennis,Wideman,D,57,6000000,3.2,241.0,34,D,3.1297144197843143
Ryan,Murphy,D,27,750000,-0.3,12.0,24,D,0.20464635227523245
Alex,Pietrangelo,D,80,7000000,9.2,4.0,27,D,7.627757258437775
Alex,Carrier,D,2,640000,0.1,115.0,21,D,-0.032734948023807664
Jamie,McGinn,LW/RW,72,3000000,0.4,36.0,29,F,1.4525863017043616
Nick,Sorensen,RW,5,925000,0.0,45.0,23,F,0.026890471131102538
Mathew,Barzal,C,2,925000,-0.1,16.0,20,F,-0.05354153499731312
Jakob,Silfverberg,RW/LW,79,3000000,6.1,39.0,27,F,6.1616635663381185
Mark,Stone,RW,71,3750000,6.8,178.0,25,F,7.274865591591512
Evgeni,Malkin,C/RW,62,9500000,9.9,2.0,31,F,9.00412895174544
Joakim,Nordstrom,LW/C,82,1250000,0.0,90.0,25,F,1.2280544906410853
Anthony,Beauvillier,C/LW,66,925000,2.2,28.0,20,F,2.3385978923319657
Pontus,Aberg,LW,15,842500,-0.1,37.0,24,F,-0.07066456748640974
Craig,Smith,RW/LW/C,78,4000000,3.0,98.0,28,F,3.049527242494639
Mark,Stuart,D,42,2700000,1.1,21.0,33,D,1.2398959136464007
Jack,Johnson,D,82,5000000,6.3,3.0,30,D,4.01758096144214
Miikka,Salomaki,RW,5,575000,-0.1,52.0,24,F,0.03623580424412595
Nick,Jensen,D,49,600000,2.3,150.0,27,D,2.0074181506030553
Josh,Bailey,RW/LW/C,82,3700000,5.2,9.0,28,F,6.626492484051255
Patrick,Marleau,LW/C,82,6500000,6.0,2.0,38,F,5.866886608736835
Stephen,Gionta,RW/C,26,575000,0.6,300.0,34,F,0.17295992919956873
Joseph,Labate,C,13,680000,-0.2,101.0,24,F,-0.2545437051654531
Nick,Shore,C,70,600000,1.3,82.0,25,F,1.4088330818984802
Ryan,Suter,D,82,9000000,9.3,7.0,32,D,5.640539854639654
Marc-Edouard,Vlasic,D,75,4250000,5.8,35.0,30,D,5.2175627190357625
Tomas,Plekanec,C,78,7000000,2.4,71.0,35,F,3.2788205510342183
Colton,Parayko,D,81,925000,6.7,86.0,24,D,5.161214449502933
