First Name,Last Name,Position,GP,Salary,PS,position_group,predicted_value_total,replacement_level,value_above_replacement,fair_market_salary,surplus_value
Thomas,Chabot,D,1,925000,-0.2,D,-0.0224492238156705,0.6185429142735327,-0.6409921380892032,623245.0747460878,-301754.9252539122
Cody,Ceci,D,79,2250000,3.2,D,4.027930270117612,0.6185429142735327,3.4093873558440797,2858457.458648564,608457.4586485638
Kyle,Okposo,RW,65,8000000,5.0,F,5.201783633019822,0.1316814807474696,5.070102152272352,3774927.207882313,-4225072.792117687
Erik,Gudbranson,D,30,3500000,0.5,D,0.9491532457615148,0.6185429142735327,0.33061033148798213,1159426.406762511,-2340573.593237489
Tom,Wilson,RW,82,1750000,1.3,F,1.9675469979041744,0.1316814807474696,1.8358655171567049,1990105.3683214574,240105.3683214574
Brian,Campbell,D,80,1500000,4.3,D,3.0393587947298695,0.6185429142735327,2.420815880456337,2312911.7369528324,812911.7369528324
Anton,Rodin,RW,3,950000,0.1,F,0.0501150340234597,0.1316814807474696,-0.0815664467240099,931965.5872525343,-18034.412747465656
Evan,Rodrigues,LW/C,30,842500,0.2,F,0.3684758295985699,0.1316814807474696,0.2367943488511003,1107653.814462943,265153.814462943
Devante,Smith-Pelly,RW/C/LW,53,1250000,-0.3,F,0.7451835692598515,0.1316814807474696,0.6135020885123819,1315540.953449302,65540.95344930189
Matthew,Peca,C,10,925000,0.0,F,0.08966966362648,0.1316814807474696,-0.0420118171209896,953793.911749479,28793.91174947901
Andrew,Desjardins,LW/C,46,800000,-1.0,F,-0.543970763937907,0.1316814807474696,-0.6756522446853765,604117.8054106622,-195882.1945893378
Michael,Chaput,C,68,600000,-0.3,F,0.5817011251836245,0.1316814807474696,0.4500196444361549,1225322.7444895848,625322.7444895848
Ryan,White,C,65,1000000,0.9,F,1.6858096382204972,0.1316814807474696,1.5541281574730277,1834627.878788395,834627.8787883951
Sam,Bennett,C,81,925000,1.6,F,3.058106495527744,0.1316814807474696,2.9264250147802744,2591933.4434738685,1666933.4434738685
Colton,Sceviour,C/RW,80,950000,1.3,F,3.161050176955013,0.1316814807474696,3.029368696207543,2648743.179923352,1698743.1799233519
Brett,Kulak,D,21,680000,0.4,D,0.1614380611232024,0.6185429142735327,-0.45710485315033034,724723.747831712,44723.74783171201
Scott,Wilson,LW/C,78,590000,2.0,F,2.8092191033463014,0.1316814807474696,2.6775376225988317,2454584.293342526,1864584.293342526
Taylor,Beck,LW,5,650000,-0.2,F,-0.1167605023152543,0.1316814807474696,-0.24844198306272391,839874.891565044,189874.89156504394
Roman,Polak,D,75,2250000,3.2,D,3.2412248466463094,0.6185429142735327,2.622681932372777,2424312.039025505,174312.03902550507
Seth,Helgeson,D,9,600000,0.6,D,0.1566071659989468,0.6185429142735327,-0.4619357482745859,722057.8058815211,122057.80588152108
Morgan,Rielly,D,76,5000000,2.9,D,4.625540350844428,0.6185429142735327,4.006997436570895,3188250.12503607,-1811749.8749639299
Jaden,Schwartz,LW/C,78,5250000,6.4,F,6.43909713585992,0.1316814807474696,6.30741565511245,4457741.859808233,-792258.1401917674
William,Nylander,C/RW,81,925000,6.8,F,6.697693030585374,0.1316814807474696,6.566011549837905,4600448.672140865,3675448.6721408647
Andrej,Sustr,D,80,1600000,2.5,D,2.47126510457483,0.6185429142735327,1.8527221903012974,1999407.7669289517,399407.7669289517
Brandon,Carlo,D,82,717500,5.2,D,3.1680962880317804,0.6185429142735327,2.549553373758248,2383955.8550983043,1666455.8550983043
David,Pastrnak,RW/LW,75,925000,10.3,F,8.877132014414551,0.1316814807474696,8.745450533667082,5803177.703806027,4878177.703806027
Tyson,Jost,C/LW/RW,6,900000,-0.1,F,0.0543619814888612,0.1316814807474696,-0.0773194992586084,934309.2761791317,34309.2761791317
David,Perron,LW/RW,82,3750000,4.7,F,5.064904751867596,0.1316814807474696,4.933223271120126,3699390.243826369,-50609.756173631176
Oskar,Sundqvist,C,10,792500,-0.4,F,-0.2078985602001156,0.1316814807474696,-0.3395800409475852,789580.1189556657,-2919.8810443342663
Tim,Schaller,C,59,600000,1.1,F,1.4476817623976013,0.1316814807474696,1.3160002816501317,1703216.3955461546,1103216.3955461546
Brayden,Schenn,C/LW,79,6000000,6.2,F,6.77276353604509,0.1316814807474696,6.641082055297621,4641876.524449693,-1358123.475550307
Justin,Faulk,D,75,5500000,6.6,D,5.500733745270894,0.6185429142735327,4.882190830997361,3671227.859952458,-1828772.1400475418
Joseph,Cramarossa,C/LW,59,724500,0.6,F,0.6798952393964723,0.1316814807474696,0.5482137586490028,1279511.4200059504,555011.4200059504
Daniel,Carr,LW,33,725000,0.8,F,0.5043923074980114,0.1316814807474696,0.37271082675054185,1182659.6737984146,457659.67379841465
Radko,Gudas,D,67,4000000,5.5,D,4.27285472405793,0.6185429142735327,3.654311809784397,2993619.6510771844,-1006380.3489228156
Gabriel,Bourque,LW/RW,6,800000,-0.1,F,-0.0364680940075222,0.1316814807474696,-0.16814957475499182,884184.464446205,84184.46444620495
Roman,Josi,D,72,4250000,8.7,D,7.096982988857176,0.6185429142735327,6.478440074583643,4552122.127366944,302122.1273669442
Jaccob,Slavin,D,82,742500,8.6,D,6.196864859454691,0.6185429142735327,5.578321945181158,4055389.6130854795,3312889.6130854795
Greg,Pateryn,D,36,750000,1.5,D,1.6977614219208397,0.6185429142735327,1.0792185076473069,1572547.7620696519,822547.7620696519
Anton,Stralman,D,73,4500000,4.8,D,3.677446454568773,0.6185429142735327,3.0589035402952405,2665042.059907396,-1834957.9400926041
Adam,Larsson,D,79,3000000,5.5,D,4.392664478730328,0.6185429142735327,3.7741215644567956,3059736.97360392,59736.97360392008
Nic,Dowd,C,70,630000,1.3,F,2.5136807660912215,0.1316814807474696,2.3819992853437517,2291490.698695421,1661490.6986954212
Antoine,Roussel,LW,60,2200000,2.7,F,3.419379927277299,0.1316814807474696,3.2876984465298293,2791303.119779773,591303.119779773
Brian,Lashoff,D,5,650000,-0.2,D,-0.0579094627264644,0.6185429142735327,-0.676452376999997,603676.2503264833,-46323.74967351672
Paul,Byron,LW/C/RW,81,1300000,6.0,F,5.384613033740934,0.1316814807474696,5.252931552993465,3875822.0848303614,2575822.0848303614
Alex,Wennberg,C,80,925000,5.9,F,6.773601436096622,0.1316814807474696,6.641919955349152,4642338.921757022,3717338.921757022
Korbinian,Holzer,D,32,700000,1.5,D,0.8772111952234465,0.6185429142735327,0.2586682809499138,1119725.0003814828,419725.00038148277
Martin,Marincin,D,25,1200000,1.4,D,0.8178764157291112,0.6185429142735327,0.1993335014555785,1086980.9490844354,-113019.05091556464
Ivan,Provorov,D,82,925000,5.7,D,5.781920762126857,0.6185429142735327,5.163377847853324,3826401.641374776,2901401.641374776
Lawson,Crouse,LW,72,925000,-0.3,F,0.6890502566303714,0.1316814807474696,0.5573687758829018,1284563.6399094686,359563.6399094686
Jordan,Staal,C/LW,75,6000000,4.6,F,5.128848968608706,0.1316814807474696,4.997167487861236,3734678.024972,-2265321.975028
Boyd,Gordon,C/RW,13,950000,-0.2,F,-0.0639392745882865,0.1316814807474696,-0.1956207553357561,869024.4224979092,-80975.57750209083
Elias,Lindholm,C/RW,72,2500000,4.1,F,5.0769891344473175,0.1316814807474696,4.945307653699848,3706059.0415611155,1206059.0415611155
Erik,Haula,C/LW,72,1050000,2.8,F,3.3794722176823297,0.1316814807474696,3.24779073693486,2769279.947177436,1719279.9471774362
Anton,Blidh,LW,19,792500,0.0,F,-0.0420467038103678,0.1316814807474696,-0.1737281845578374,881105.8942196479,88605.89421964786
Patrick,Cannone,C,3,600000,0.0,F,-0.0533701461106867,0.1316814807474696,-0.1850516268581563,874857.0233432305,274857.0233432305
Carl,Soderberg,C/LW,80,4750000,-0.4,F,1.3769924741513209,0.1316814807474696,1.2453109934038513,1664206.3292711303,-3085793.6707288697
Dillon,Simpson,D,3,925000,0.0,D,-0.0305357981089823,0.6185429142735327,-0.649078712382515,618782.4778386051,-306217.52216139494
John,Tavares,C,77,6000000,7.8,F,8.035869328465974,0.1316814807474696,7.904187847718505,5338924.717989806,-661075.2820101939
Alex,Nylander,RW/LW,4,925000,0.0,F,0.0518772205653515,0.1316814807474696,-0.0798042601821181,932938.0544465546,7938.054446554626
Remi,Elie,LW,18,767500,0.6,F,0.6436478696716936,0.1316814807474696,0.5119663889242241,1259508.2154138694,492008.21541386936
Cam,Atkinson,RW,82,3500000,8.9,F,8.044270233088467,0.1316814807474696,7.912588752340997,5343560.77890121,1843560.77890121
Nick,Leddy,D,81,4500000,7.0,D,6.426328697122321,0.6185429142735327,5.8077857828487875,4182019.824496707,-317980.17550329305
Jordin,Tootoo,RW,50,750000,-0.3,F,-0.3106723550181212,0.1316814807474696,-0.4423538357655908,732864.1348702392,-17135.865129760816
Kris,Russell,D,68,3100000,3.1,D,4.783724591530968,0.6185429142735327,4.165181677257435,3275544.5067724865,175544.5067724865
Matt,Dumba,D,76,2350000,6.9,D,4.466609663695394,0.6185429142735327,3.848066749421861,3100543.814891616,750543.8148916159
Buddy,Robinson,RW,4,750000,0.0,F,-0.1071072514787578,0.1316814807474696,-0.2387887322262274,845202.0629688525,95202.06296885246
Jack,Skille,RW,55,700000,0.9,F,0.5433146193380151,0.1316814807474696,0.41163313859054546,1204139.052104867,504139.05210486706
Mark,Giordano,D,81,6750000,9.4,D,7.221972063296596,0.6185429142735327,6.6034291490230625,4621097.670882793,-2128902.329117207
Ryan,Carpenter,C,11,600000,0.7,F,0.2750884317949449,0.1316814807474696,0.1434069510474753,1056117.7378104357,456117.7378104357
Nelson,Nogier,D,10,650000,-0.1,D,-0.1061444995523192,0.6185429142735327,-0.7246874138258519,577057.6206863149,-72942.37931368512
Simon,Despres,D,1,2600000,0.0,D,-0.0089685506430453,0.6185429142735327,-0.6275114649165779,630684.4190504737,-1969315.5809495263
Kevin,Labanc,RW,55,667500,2.3,F,2.0659369452090672,0.1316814807474696,1.9342554644615977,2044402.1148354101,1376902.1148354101
Troy,Stecher,D,71,925000,3.7,D,2.8398139920507774,0.6185429142735327,2.221271077777245,2202792.4222664563,1277792.4222664563
Dwight,King,LW/RW,80,2100000,1.1,F,1.5514200540109364,0.1316814807474696,1.4197385732634669,1760464.6396789136,-339535.36032108637
Jeff,Petry,D,80,7000000,6.0,D,5.572606456606064,0.6185429142735327,4.9540635423325305,3710891.0013152966,-3289108.9986847034
Riley,Barber,RW,3,667500,0.0,F,-0.0730836397087214,0.1316814807474696,-0.204765120456191,863978.0809907154,196478.08099071542
James,Neal,RW/LW,70,5000000,4.6,F,4.848812417259133,0.1316814807474696,4.717130936511663,3580139.1309104813,-1419860.8690895187
Alec,Martinez,D,82,3900000,6.8,D,6.9503741454533525,0.6185429142735327,6.3318312311798195,4471215.65851466,571215.6585146599
Jordan,Martinook,LW/C,77,625000,1.7,F,3.3015570484647254,0.1316814807474696,3.1698755677172556,2726282.259827423,2101282.259827423
Tomas,Tatar,LW/C/RW,82,2750000,5.4,F,5.505314162627279,0.1316814807474696,5.373632681879809,3942431.3145190524,1192431.3145190524
Evgeny,Kuznetsov,C/LW,82,3400000,6.7,F,6.543775659623023,0.1316814807474696,6.412094178875553,4515508.973481007,1115508.973481007
John,Quenneville,C,12,842500,0.4,F,0.3105533800286676,0.1316814807474696,0.178871899281198,1075689.1610820603,233189.1610820603
Brooks,Orpik,D,79,5500000,5.0,D,2.8823468947049125,0.6185429142735327,2.26380398043138,2226264.314438101,-3273735.685561899
Yanni,Gourde,C,20,575000,1.0,F,0.7240557010391664,0.1316814807474696,0.5923742202916968,1303881.4848086303,728881.4848086303
Justin,Abdelkader,LW/RW,64,5500000,0.7,F,2.0243015561563125,0.1316814807474696,1.892620075408843,2021425.517862532,-3478574.4821374677
Mike,Vecchione,C/RW,2,925000,-0.1,F,-0.0314108267808573,0.1316814807474696,-0.1630923075283269,886975.3304257204,-38024.66957427957
Artem,Anisimov,C/LW,64,5750000,5.6,F,5.298075917445873,0.1316814807474696,5.166394436698403,3828066.3537193257,-1921933.6462806743
Reid,Boucher,C/LW,39,715000,0.9,F,0.8839224637878258,0.1316814807474696,0.7522409830403562,1392104.3706901695,677104.3706901695
Jakob,Chychrun,D,68,925000,3.0,D,3.3387127333837388,0.6185429142735327,2.720169819110206,2478110.981085716,1553110.9810857158
Clayton,Stoner,D,14,3250000,0.7,D,0.3940410352068544,0.6185429142735327,-0.2245018790666783,853086.299780996,-2396913.700219004
Aaron,Ekblad,D,68,925000,3.4,D,3.0913646080096004,0.6185429142735327,2.472821693736068,2341611.279317168,1416611.279317168
Josh,Manson,D,82,825000,5.3,D,2.947122523850114,0.6185429142735327,2.3285796095765816,2262010.9126660675,1437010.9126660675
Mikael,Backlund,C,81,3575000,6.2,F,6.457198325356291,0.1316814807474696,6.3255168446088215,4467731.047978441,892731.0479784412
T.J.,Tynan,C/RW,3,600000,-0.1,F,-0.0613486179495586,0.1316814807474696,-0.1930300986970282,870454.0830544069,270454.0830544069
Brandon,Dubinsky,C/LW,80,5850000,4.1,F,5.00834684789513,0.1316814807474696,4.87666536714766,3668178.6184573937,-2181821.3815426063
Ryan,Dzingel,LW/RW/C,81,750000,3.5,F,3.664300772575644,0.1316814807474696,3.532619291828174,2926463.3207700015,2176463.3207700015
Andy,Greene,D,66,5000000,2.6,D,2.9200397124221213,0.6185429142735327,2.3014967981485888,2247065.193237699,-2752934.806762301
Brett,Lernout,D,2,660000,0.0,D,0.0045079658602833,0.6185429142735327,-0.6140349484132493,638121.4694861735,-21878.530513826525
Mathieu,Perreault,C/LW,65,3000000,4.0,F,5.102769411855125,0.1316814807474696,4.971087931107655,3720285.954226629,720285.9542266289
Derek,Dorsett,RW,14,2500000,0.1,F,0.3220376396034015,0.1316814807474696,0.19035615885593188,1082026.779386677,-1417973.220613323
Patrick,Wiercioch,D,57,800000,1.5,D,1.509408720806987,0.6185429142735327,0.8908658065334544,1468604.8375358502,668604.8375358502
Nick,Schmaltz,C/LW,61,925000,2.7,F,2.683281994533357,0.1316814807474696,2.5516005137858873,2385085.574609332,1460085.5746093318
Patrick,Kane,RW/C,82,13800000,10.8,F,10.290957804137935,0.1316814807474696,10.159276323390467,6583401.117094534,-7216598.882905466
Reilly,Smith,RW/C/LW,80,3500000,3.1,F,4.338387103283278,0.1316814807474696,4.206705622535808,3298459.603210666,-201540.39678933378
Jeff,Carter,C/RW,82,7000000,9.0,F,8.22380588406127,0.1316814807474696,8.092124403313802,5442637.99154449,-1557362.0084555103
Joe,Pavelski,C/RW,81,6000000,8.7,F,9.717864775180969,0.1316814807474696,9.5861832944335,6267138.249041932,267138.2490419317
Matthew,Tkachuk,LW,76,925000,5.4,F,5.03643790065128,0.1316814807474696,4.90475641990381,3683680.738466507,2758680.738466507
Valentin,Zykov,LW,2,727500,0.2,F,0.1077807232720881,0.1316814807474696,-0.023900757475381507,963788.5467870339,236288.5467870339
Lee,Stempniak,RW,82,2500000,4.3,F,4.618582876019615,0.1316814807474696,4.486901395272145,3453086.3640056644,953086.3640056644
Luke,Schenn,D,78,1000000,1.7,D,2.269691349749382,0.6185429142735327,1.6511484354758492,1888168.7697608052,888168.7697608052
Luke,Gazdic,LW,11,700000,-0.2,F,-0.1298645175720028,0.1316814807474696,-0.2615459983194724,832643.4069042603,132643.40690426028
Michael,Raffl,LW/C,52,2350000,0.7,F,0.9686440498930488,0.1316814807474696,0.8369625691455791,1438858.1967773044,-911141.8032226956
Brenden,Dillon,D,81,2750000,2.6,D,1.519667458271127,0.6185429142735327,0.9011245439975942,1474266.1482988033,-1275733.8517011967
Auston,Matthews,C,82,925000,9.7,F,9.422024252660504,0.1316814807474696,9.290342771913036,6103877.892675726,5178877.892675726
Drew,Doughty,D,82,7450000,10.5,D,6.613945897867409,0.6185429142735327,5.995402983593876,4285556.861252564,-3164443.138747436
Rasmus,Ristolainen,D,79,5400000,7.6,D,7.160584170996343,0.6185429142735327,6.54204125672281,4587220.603981601,-812779.3960183989
Nic,Petan,LW/C,54,750000,-0.1,F,0.6372251042363036,0.1316814807474696,0.505543623488834,1255963.795721446,505963.79572144593
Scott,Mayfield,D,25,575000,1.3,D,1.249199728896231,0.6185429142735327,0.6306568146226984,1325007.8333556582,750007.8333556582
Alex,Tuch,RW,6,925000,-0.3,F,-0.029308656046198,0.1316814807474696,-0.1609901367936676,888135.4187745346,-36864.5812254654
Mike,Reilly,D,17,925000,0.4,D,-0.0444202580212817,0.6185429142735327,-0.6629631722948144,611120.3027791438,-313879.6972208562
Alex,Burrows,LW/RW,75,3000000,3.6,F,3.434046754412036,0.1316814807474696,3.302365273664566,2799397.046211413,-200602.9537885869
Casey,Nelson,D,11,650000,-0.1,D,-0.2013516717077341,0.6185429142735327,-0.8198945859812667,524517.2968581736,-125482.70314182644
Dennis,Rasmussen,C,68,575000,-0.4,F,0.7446071032277662,0.1316814807474696,0.6129256224802966,1315222.8291807622,740222.8291807622
Chris,VandeVelde,C/LW,81,725000,0.7,F,1.8242432837539195,0.1316814807474696,1.69256180300645,1911022.8435833082,1186022.8435833082
Mattias,Ekholm,D,82,3000000,4.6,D,3.973791302672768,0.6185429142735327,3.3552483883992354,2828580.7296493025,-171419.27035069745
Brandon,Manning,D,65,950000,2.1,D,1.9372121793051984,0.6185429142735327,1.3186692650316658,1704689.2809179502,754689.2809179502
Adam,Mcquaid,D,77,3000000,3.3,D,2.8168513577309073,0.6185429142735327,2.1983084434573748,2190120.4332156344,-809879.5667843656
J.T.,Brown,RW,64,1250000,-0.4,F,0.0567337557063889,0.1316814807474696,-0.0749477250410807,935618.1459062225,-314381.8540937775
Matt,Bartkowski,D,24,575000,0.4,D,0.1182096444369823,0.6185429142735327,-0.5003332698365504,700868.0344452846,125868.03444528463
Zac,Dalpe,C,9,600000,0.3,F,0.2291507980164922,0.1316814807474696,0.09746931726902261,1030766.9359750594,430766.9359750594
Jaromir,Jagr,RW,82,4000000,4.9,F,4.7678482402294415,0.1316814807474696,4.636166759481972,3535458.8407252524,-464541.1592747476
Devin,Setoguchi,RW,45,575000,0.8,F,0.8047995036511608,0.1316814807474696,0.6731180229036913,1348440.160802332,773440.160802332
Kevin,Rooney,C,4,625000,-0.2,F,-0.0875638330549344,0.1316814807474696,-0.219245313802404,855987.1488972569,230987.14889725694
Matt,Nieto,LW/RW,59,735000,0.4,F,1.3348863693654327,0.1316814807474696,1.2032048886179632,1640969.9666052908,905969.9666052908
Connor,Jones,C/LW,4,575000,0.0,F,-0.0470879912736385,0.1316814807474696,-0.1787694720211081,878323.8467138296,303323.84671382955
Andreas,Martinsen,LW/C,64,640000,-0.4,F,0.1762562337453777,0.1316814807474696,0.044574752997908085,1001576.9340809139,361576.9340809139
Shane,Prince,LW/C,50,800000,1.0,F,1.4766258459508483,0.1316814807474696,1.3449443652033788,1719189.2628036125,919189.2628036125
J.T.,Compher,LW/C,21,925000,0.4,F,0.6192957635404099,0.1316814807474696,0.48761428279294033,1246069.4427555832,321069.4427555832
Jussi,Jokinen,LW/RW/C,69,4000000,1.9,F,3.6162967089064457,0.1316814807474696,3.484615228158976,2899972.1542628263,-1100027.8457371737
Brandon,Saad,LW/RW,82,5750000,7.2,F,6.147061677205422,0.1316814807474696,6.0153801964579525,4296581.337763104,-1453418.6622368963
Noel,Acciari,C,29,892500,0.5,F,0.025945887730585,0.1316814807474696,-0.10573559301688461,918627.7814535713,26127.781453571282
Kris,Letang,D,41,7250000,4.5,D,4.697767737703512,0.6185429142735327,4.079224823429979,3228108.9950027373,-4021891.0049972627
Mike,Ribeiro,C,46,3500000,1.8,F,2.1835871966327955,0.1316814807474696,2.0519057158853258,2109327.709917412,-1390672.2900825879
David,Warsofsky,D,7,575000,-0.1,D,0.1895497910127425,0.6185429142735327,-0.4289931232607902,740237.2785702855,165237.27857028553
Sidney,Crosby,C,75,10900000,12.3,F,11.30945509719342,0.1316814807474696,11.17777361644595,7145461.478554153,-3754538.521445847
Blake,Speers,C,3,667500,0.0,F,-0.0611233348767772,0.1316814807474696,-0.1928048156242468,870578.4060999188,203078.40609991876
Darnell,Nurse,D,44,832500,2.4,D,1.6987704161559565,0.6185429142735327,1.080227501882424,1573104.5781440462,740604.5781440462
Vladimir,Tarasenko,RW,82,8000000,10.2,F,9.254411078320086,0.1316814807474696,9.122729597572617,6011380.129552031,-1988619.870447969
Peter,Cehlarik,LW/RW,11,692500,0.0,F,0.0907264379849424,0.1316814807474696,-0.040955042762527205,954377.0954083346,261877.09540833463
Eric,Staal,C,82,3500000,8.1,F,7.819578657327114,0.1316814807474696,7.687897176579645,5219564.152547411,1719564.1525474107
Micheal,Ferland,LW/RW,76,900000,2.9,F,3.060024584641612,0.1316814807474696,2.928343103894142,2592991.9459048547,1692991.9459048547
Bobby,Farnham,RW,3,575000,0.0,F,-0.0319086917189452,0.1316814807474696,-0.1635901724664148,886700.5823738917,311700.5823738917
Andy,Andreoff,LW/C,36,600000,-0.4,F,-0.314308033896473,0.1316814807474696,-0.4459895146439426,730857.7760920168,130857.77609201684
Mackenzie,Weegar,D,3,705000,0.1,D,-0.0432914764353328,0.6185429142735327,-0.6618343907088655,611743.2238124477,-93256.77618755226
Jakob,Forsbacka Karlsson,C,1,900000,0.0,F,-0.0081404338803704,0.1316814807474696,-0.13982191462784,899817.156844048,-182.84315595205408
Rick,Nash,RW/LW,67,8000000,5.0,F,4.904525951472417,0.1316814807474696,4.772844470724947,3610884.788647251,-4389115.211352749
Michael,Stone,D,64,4000000,3.3,D,3.4867041089815505,0.6185429142735327,2.868161194708018,2559780.4038996664,-1440219.5961003336
Aaron,Ness,D,2,575000,-0.1,D,-0.0098868180747081,0.6185429142735327,-0.6284297323482408,630177.6707968689,55177.67079686886
Melker,Karlsson,C/RW,67,1850000,2.6,F,2.793350065279415,0.1316814807474696,2.661668584531945,2445826.9237032486,595826.9237032486
David,Schlemko,D,62,2500000,3.7,D,3.2341015430271103,0.6185429142735327,2.6155586287535777,2420381.0255271946,-79618.97447280539
Nicholas,Baptiste,RW,14,740000,0.6,F,0.242691147395613,0.1316814807474696,0.1110096666481434,1038239.2127481147,298239.2127481147
Sergey,Kalinin,C/RW,43,800000,-0.6,F,-0.0511574268477452,0.1316814807474696,-0.18283890759521482,876078.1181828707,76078.11818287068
Brayden,Point,C,68,667500,4.7,F,4.675843246864796,0.1316814807474696,4.544161766117326,3484685.647532479,2817185.647532479
Benoit,Pouliot,LW,67,4000000,0.6,F,1.703385045841365,0.1316814807474696,1.5717035650938955,1844326.9128727666,-2155673.0871272334
Linden,Vey,RW/C,4,700000,-0.2,F,-0.0864804526079427,0.1316814807474696,-0.21816193335541229,856585.0151947781,156585.0151947781
Erik,Karlsson,D,77,7000000,12.9,D,11.650362246373902,0.6185429142735327,11.031819332100369,7064916.22980857,64916.229808569886
Sami,Vatanen,D,71,5000000,4.9,D,4.327814782884342,0.6185429142735327,3.7092718686108097,3023949.5014758464,-1976050.4985241536
Phil,Kessel,RW/C,82,9000000,7.3,F,7.755475722428882,0.1316814807474696,7.623794241681412,5184188.782376878,-3815811.217623122
Nikita,Scherbak,RW,3,925000,0.2,F,0.0894425216552932,0.1316814807474696,-0.0422389590921764,953668.5628660815,28668.562866081484
Victor,Rask,C,82,4000000,4.2,F,5.166398206482603,0.1316814807474696,5.034716725735133,3755399.6688642697,-244600.33113573026
Oliver,Bjorkstrand,RW,26,600000,1.7,F,1.3070444534093386,0.1316814807474696,1.175362972661869,1625605.3333826887,1025605.3333826887
Pierre-Edouard,Bellemare,LW/C,82,725000,-0.4,F,0.9653037870828132,0.1316814807474696,0.8336223063353436,1437014.864119189,712014.8641191891
Adam,Erne,LW,26,925000,-0.2,F,0.1245944971706013,0.1316814807474696,-0.007086983576868308,973067.2713347916,48067.271334791556
Frank,Vatrano,C/LW,44,792500,2.2,F,1.7607578387669047,0.1316814807474696,1.6290763580194352,1875988.23681496,1083488.23681496
Radek,Faksa,C,80,832500,2.4,F,4.140449198905017,0.1316814807474696,4.008767718157547,3189227.0595014477,2356727.0595014477
Leo,Komarov,C/LW,82,2950000,2.8,F,4.186296217153413,0.1316814807474696,4.054614736405943,3214527.854922545,264527.85492254514
Nikita,Kucherov,RW,74,4250000,12.0,F,10.590672941225508,0.1316814807474696,10.458991460478039,6748799.689515859,2498799.689515859
Zach,Sanford,LW,39,875000,0.7,F,0.6537386841711772,0.1316814807474696,0.5220572034237076,1265076.857455113,390076.857455113
Seth,Griffith,C/RW,24,625000,0.3,F,0.1541738279406575,0.1316814807474696,0.022492347193187906,989390.7014093826,364390.70140938263
Sergey,Tolchinsky,LW,2,575000,0.1,F,0.0458092362406763,0.1316814807474696,-0.0858722445067933,929589.4216263077,354589.42162630765
Steven,Kampfer,D,11,625000,0.2,D,0.2093076455884549,0.6185429142735327,-0.40923526868507776,751140.701642895,126140.701642895
Matt,Read,RW/LW,63,4000000,2.0,F,1.952469133881464,0.1316814807474696,1.8207876531339944,1981784.6101216786,-2018215.3898783214
Brock,Nelson,C/LW,81,2500000,4.7,F,5.5669162998514805,0.1316814807474696,5.435234819104011,3976426.6130348174,1476426.6130348174
Luke,Glendening,C/RW/LW,74,675000,0.0,F,1.4210083650062386,0.1316814807474696,1.289326884258769,1688496.612311219,1013496.6123112191
Patrik,Nemeth,D,40,900000,0.3,D,0.4665224785335463,0.6185429142735327,-0.15202043573998641,893085.3714654173,-6914.628534582676
Anton,Lander,C/LW/RW,22,1050000,0.3,F,0.0804772360536248,0.1316814807474696,-0.0512042446938448,948721.046853795,-101278.95314620505
Ryan,Spooner,C/LW,78,1100000,3.7,F,4.201102272456006,0.1316814807474696,4.069420791708536,3222698.614778176,2122698.614778176
Jake,Virtanen,RW,10,925000,0.0,F,-0.0948313916329792,0.1316814807474696,-0.22651287238044882,851976.5279273667,-73023.47207263333
Max,McCormick,RW/LW/C,7,650000,-0.2,F,-0.1467601312167537,0.1316814807474696,-0.2784416119642233,823319.5188811888,173319.51888118882
Cody,Eakin,C,60,3850000,-0.5,F,1.3267402236297212,0.1316814807474696,1.1950587428822517,1636474.4950434756,-2213525.5049565244
Zach,Parise,LW,69,9000000,4.3,F,5.578918377706005,0.1316814807474696,5.447236896958535,3983049.990694411,-5016950.009305589
Brock,Boeser,RW,9,925000,0.8,F,0.5085529481296208,0.1316814807474696,0.3768714673821512,1184955.734075895,259955.73407589504
Phil,Varone,C,7,700000,-0.2,F,-0.1184874445597127,0.1316814807474696,-0.2501689253071823,838921.8740275812,138921.8740275812
Markus,Hannikainen,LW,10,742500,0.2,F,0.0771684400785935,0.1316814807474696,-0.054513040668876106,946895.0792499509,204395.07924995094
Marko,Dano,C/LW/RW,38,925000,0.9,F,0.8146522123205743,0.1316814807474696,0.6829707315731046,1353877.4035263392,428877.4035263392
Gustav,Nyquist,RW/C/LW,76,4250000,4.7,F,5.143425030634704,0.1316814807474696,5.0117435498872345,3742721.8624439808,-507278.13755601924
Dominik,Simon,C,2,667500,0.0,F,0.062334871040303,0.1316814807474696,-0.0693466097071666,938709.1358682206,271209.1358682206
David,Backes,RW/C,74,8000000,4.5,F,4.809783443316276,0.1316814807474696,4.678101962568806,3558600.890847112,-4441399.109152888
Barclay,Goodrow,RW/C,3,635000,0.1,F,0.0417191413753581,0.1316814807474696,-0.08996233937211151,927332.2922121409,292332.29221214086
Tyler,Ennis,LW/C/RW,51,3650000,0.6,F,1.09319833668596,0.1316814807474696,0.9615168559384903,1507593.8016075813,-2142406.1983924187
Sean,Couturier,C,66,3750000,3.9,F,3.9639487584402127,0.1316814807474696,3.832267277692743,3091824.8356154915,-658175.1643845085
Marian,Gaborik,RW,56,6075000,2.2,F,2.040083865621055,0.1316814807474696,1.9084023848735854,2030135.0260987384,-4044864.9739012616
Kevin,Connauton,D,24,950000,0.4,D,0.0097195558638012,0.6185429142735327,-0.6088233584097315,640997.4988886365,-309002.5011113635
Adrian,Kempe,LW/C,25,925000,0.4,F,0.3095857778775342,0.1316814807474696,0.17790429713006461,1075155.187336108,150155.18733610795
Deryk,Engelland,D,81,2750000,3.9,D,3.774594403209003,0.6185429142735327,3.1560514889354705,2718653.406250771,-31346.593749228865
Paul,Martin,D,81,5000000,5.8,D,4.418864556471193,0.6185429142735327,3.80032164219766,3074195.554167372,-1925804.4458326278
Bryan,Little,C/RW,59,5000000,5.3,F,5.398860432692342,0.1316814807474696,5.267178951944873,3883684.5487358514,-1116315.4512641486
P.K.,Subban,D,66,11000000,6.1,D,5.976516495327356,0.6185429142735327,5.357973581053823,3933789.7992883325,-7066210.200711668
Tyler,Graovac,C,52,600000,1.1,F,0.7503181100345964,0.1316814807474696,0.6186366292871268,1318374.4630358857,718374.4630358857
Erik,Johnson,D,46,6000000,2.9,D,2.9218677156131863,0.6185429142735327,2.3033248013396537,2248073.981519538,-3751926.018480462
Andrej,Nestrasil,C/RW/LW,19,950000,0.2,F,0.2952565683280078,0.1316814807474696,0.16357508758053818,1067247.5760407695,117247.57604076946
Emerson,Etem,LW/RW,3,775000,0.0,F,-0.08614361589344,0.1316814807474696,-0.2178250966409096,856770.8994055631,81770.89940556313
Sven,Baertschi,LW,68,1700000,4.1,F,4.003621390418133,0.1316814807474696,3.8719399096706635,3113718.2800277686,1413718.2800277686
Drew,Miller,LW/RW,55,1025000,0.0,F,1.0921485790306351,0.1316814807474696,0.9604670982831656,1507014.490134473,482014.49013447296
Nick,Ritchie,LW,77,925000,3.2,F,2.8833788321070943,0.1316814807474696,2.7516973513596246,2495509.5311779575,1570509.5311779575
Mikko,Koivu,C,80,5400000,6.6,F,7.1023091886756795,0.1316814807474696,6.97062770792821,4823737.1439112555,-576262.8560887445
Ryan,Kesler,C/RW,82,7875000,6.5,F,7.59188069409889,0.1316814807474696,7.46019921335142,5093908.44350597,-2781091.55649403
Austin,Czarnik,C,49,842500,0.7,F,1.101120788168906,0.1316814807474696,0.9694393074214365,1511965.8269183137,669465.8269183137
Jiri,Hudler,RW/LW,32,2000000,0.7,F,0.686000203986583,0.1316814807474696,0.5543187232391134,1282880.4604811799,-717119.5395188201
Dmitry,Orlov,D,82,2570000,7.7,D,4.653706141305693,0.6185429142735327,4.03516322703216,3203793.489240763,633793.4892407628
Cody,Bass,C,9,575000,-0.1,F,-0.1243954633611013,0.1316814807474696,-0.2560769441085709,835661.5185944737,260661.51859447372
Mikhail,Grigorenko,C,75,1300000,1.6,F,2.2108600811148036,0.1316814807474696,2.079178600367334,2124378.3216515062,824378.3216515062
Kyle,Turris,C,78,4000000,6.5,F,7.367291635987447,0.1316814807474696,7.235610155239978,4969968.391782027,969968.3917820267
Zach,Werenski,D,78,925000,9.1,D,6.135240460438295,0.6185429142735327,5.516697546164762,4021382.0293422006,3096382.0293422006
Mark,McNeill,C/RW,1,600000,-0.1,F,-0.002613987880576,0.1316814807474696,-0.13429546862804562,902866.9403411773,302866.9403411773
Jakub,Voracek,RW,82,10000000,5.6,F,6.926021424837307,0.1316814807474696,6.794339944089837,4726452.2861708375,-5273547.7138291625
Gabriel,Carlsson,D,2,925000,0.0,D,0.0876950207206247,0.6185429142735327,-0.530847893552908,684028.460542867,-240971.53945713304
Matt,Stajan,C,81,3000000,1.6,F,2.2645859086436113,0.1316814807474696,2.1329044278961415,2154027.0583211617,-845972.9416788383
Hunter,Shinkaruk,C/LW,7,832500,-0.1,F,-0.0256554760425945,0.1316814807474696,-0.1573369567900641,890151.435593924,57651.43559392402
Griffen,Molino,C,5,925000,-0.2,F,-0.1205656359557609,0.1316814807474696,-0.2522471167032305,837775.0187387066,-87224.9812612934
Riley,Nash,C/RW,81,900000,1.0,F,1.5355592439918182,0.1316814807474696,1.4038777632443487,1751711.8107090457,851711.8107090457
Trevor,van Riemsdyk,D,58,750000,4.3,D,2.9239128634292113,0.6185429142735327,2.3053699491556787,2249202.601623441,1499202.601623441
Andre,Burakovsky,LW/C,64,832500,4.1,F,3.736990053292935,0.1316814807474696,3.605308572545465,2966577.0880551683,2134077.0880551683
Michael,Kapla,D,5,925000,0.0,D,-0.0209535274763766,0.6185429142735327,-0.6394964417499093,624070.4786335889,-300929.5213664111
Cody,McLeod,LW/RW,59,1250000,0.4,F,0.0092418126696224,0.1316814807474696,-0.1224396680778472,909409.5944926151,-340590.4055073849
Tyler,Wotherspoon,D,4,625000,-0.1,D,-0.0419294335283298,0.6185429142735327,-0.6604723478018625,612494.8707081769,-12505.129291823134
Chris,Kelly,C/LW,82,900000,-0.4,F,1.2769109699121812,0.1316814807474696,1.1452294891647117,1608976.0926945377,708976.0926945377
Ryan,McDonagh,D,77,5000000,7.8,D,6.934020726292873,0.6185429142735327,6.31547781201934,4462190.981917961,-537809.0180820394
Kyle,Palmieri,RW/C/LW,80,4500000,7.1,F,6.424097596899747,0.1316814807474696,6.292416116152277,4449464.325496491,-50535.674503508955
Calvin,de Haan,D,82,2900000,5.4,D,5.479933623371402,0.6185429142735327,4.861390709097869,3659749.258965547,759749.2589655472
Paul,Thompson,RW,21,575000,-0.1,F,0.0912204219244505,0.1316814807474696,-0.040461058823019105,954649.7017210743,379649.7017210743
Zack,Mitchell,RW,11,640000,-0.2,F,-0.2452492349094128,0.1316814807474696,-0.3769307156568824,768968.052658574,128968.05265857396
Zdeno,Chara,D,75,5000000,8.0,D,5.379908565781804,0.6185429142735327,4.761365651508271,3604550.1726182792,-1395449.8273817208
Scott,Hartnell,LW,78,5000000,4.6,F,4.167177065912713,0.1316814807474696,4.035495585165243,3203976.901934825,-1796023.098065175
Karl,Stollery,D,11,575000,0.2,D,0.3839849376280853,0.6185429142735327,-0.23455797664544742,847536.8163621057,272536.81636210566
Andrew,Cogliano,LW/C/RW,82,3100000,4.2,F,3.743913631225636,0.1316814807474696,3.612232150478166,2970397.8824175894,-129602.11758241057
Milan,Lucic,LW,82,8000000,5.7,F,5.859529003298762,0.1316814807474696,5.727847522551293,4137905.689109589,-3862094.310890411
Logan,Couture,C/LW,73,6000000,6.9,F,7.207539229987524,0.1316814807474696,7.075857749240054,4881808.613967606,-1118191.3860323941
Sebastian,Aho,RW/LW,82,925000,5.9,F,5.7260890240590125,0.1316814807474696,5.594407543311543,4064266.491955069,3139266.491955069
Nino,Niederreiter,RW,82,3500000,7.4,F,6.453390962746992,0.1316814807474696,6.321709481999522,4465629.9450899195,965629.9450899195
Michael,Bournival,LW,19,575000,0.1,F,0.1335292213278686,0.1316814807474696,0.0018477405803989932,977997.9219350598,402997.9219350598
Evander,Kane,LW,70,6000000,5.1,F,5.488650942802914,0.1316814807474696,5.356969462055444,3933235.673625922,-2066764.3263740782
Hampus,Lindholm,D,66,3000000,5.6,D,3.426536555245971,0.6185429142735327,2.8079936409724384,2526576.7839869345,-473423.21601306554
Nikita,Nesterov,D,48,725000,3.1,D,1.6844683966047285,0.6185429142735327,1.0659254823311959,1565211.971719487,840211.9717194871
Tyler,Bertuzzi,LW,7,667500,-0.1,F,-0.1716864021474504,0.1316814807474696,-0.30336788289492,809563.8918955561,142063.89189555612
Jared,Spurgeon,D,76,4250000,8.9,D,6.371488782331707,0.6185429142735327,5.752945868058174,4151756.275894475,-98243.72410552483
Lukas,Sedlak,C/LW,62,600000,1.6,F,1.3363963259317062,0.1316814807474696,1.2047148451842367,1641803.240035878,1041803.240035878
Drake,Caggiula,LW/C,60,925000,1.6,F,1.5301905810797805,0.1316814807474696,1.398509100332311,1748749.1002163724,823749.1002163724
Steve,Ott,C/LW,53,800000,-0.1,F,0.2830331597179332,0.1316814807474696,0.1513516789704636,1060502.0564321347,260502.0564321347
Alex,Ovechkin,LW/RW,82,10000000,8.7,F,8.451256146055368,0.1316814807474696,8.319574665307899,5568157.006020185,-4431842.993979815
Cal,O'Reilly,C,11,700000,-0.3,F,-0.0834501539179271,0.1316814807474696,-0.2151316346653967,858257.2933526622,158257.29335266224
Darren,Helm,C,50,5000000,1.4,F,1.763789412683281,0.1316814807474696,1.6321079319358114,1877661.2187098041,-3122338.781290196
Nick,Cousins,C/LW,60,840000,1.1,F,1.4343604733359212,0.1316814807474696,1.3026789925884517,1695865.0077750061,855865.0077750061
Brad,Hunt,D,12,600000,0.9,D,0.4283718480160965,0.6185429142735327,-0.19017106625743618,872031.8474896967,272031.8474896967
Shayne,Gostisbehere,D,76,925000,5.2,D,5.621848469270368,0.6185429142735327,5.003305554996835,3738065.333172446,2813065.333172446
Logan,Shaw,C/RW,55,660000,0.7,F,0.4819867071411791,0.1316814807474696,0.3503052263937095,1170295.0853786448,510295.08537864476
Riley,Sheahan,C,80,2075000,-1.2,F,0.8953779091499958,0.1316814807474696,0.7636964284025263,1398426.0877971696,-676573.9122028304
Paul,Stastny,C,66,7000000,4.5,F,4.661726726063121,0.1316814807474696,4.530045245315652,3476895.409071915,-3523104.590928085
Blake,Wheeler,RW,82,5800000,8.2,F,9.042845295162916,0.1316814807474696,8.911163814415447,5894627.005744438,94627.00574443769
Zemgus,Girgensons,C/LW,75,1150000,0.8,F,1.1943588567959995,0.1316814807474696,1.06267737604853,1563419.4958791072,413419.49587910715
Dylan,Larkin,C/LW,80,925000,2.3,F,3.627326592559721,0.1316814807474696,3.495645111812251,2906059.0240417523,1981059.0240417523
Paul,Ladue,D,22,925000,1.0,D,0.7219592165938862,0.6185429142735327,0.10341630232035348,1034048.7950338286,109048.79503382859
Niklas,Kronwall,D,57,5500000,2.3,D,2.0651582997379374,0.6185429142735327,1.4466153854644048,1775296.6779018356,-3724703.3220981644
Tomas,Hertl,C/RW,49,2800000,1.9,F,2.71850020521542,0.1316814807474696,2.58681872446795,2404520.835125869,-395479.16487413086
Drew,Stafford,RW/LW,58,4350000,2.1,F,1.6765330383178376,0.1316814807474696,1.544851557570368,1829508.563175132,-2520491.436824868
Ian,McCoshen,D,3,925000,0.2,D,0.0601718455180271,0.6185429142735327,-0.5583710687555056,668839.7252282354,-256160.27477176464
Joel,Ward,RW/C,78,3275000,2.2,F,3.5943081327545583,0.1316814807474696,3.4626266520070885,2887837.701727527,-387162.2982724728
Chris,Stewart,RW/LW,79,1200000,2.3,F,1.9475627765243353,0.1316814807474696,1.8158812957768657,1979077.024143394,779077.0241433941
Derek,MacKenzie,C/LW,82,1300000,0.6,F,1.866439118990608,0.1316814807474696,1.7347576382431384,1934308.724230152,634308.7242301521
Alexey,Marchenko,D,41,1300000,2.3,D,1.4486587729758378,0.6185429142735327,0.8301158587023051,1435079.8219374348,135079.82193743484
Rene,Bourque,RW/LW,65,650000,1.2,F,1.8383637312821668,0.1316814807474696,1.7066822505346972,1918815.2490180726,1268815.2490180726
Mark,Scheifele,C,79,5000000,10.3,F,9.8639660849279,0.1316814807474696,9.732284604180432,6347764.634134946,1347764.6341349464
Blake,Coleman,C/LW,23,692500,-0.4,F,0.1122353795365673,0.1316814807474696,-0.019446101210902303,966246.860350814,273746.86035081395
Mirco,Mueller,D,4,832500,0.5,D,0.2195125351231152,0.6185429142735327,-0.3990303791504175,756772.2962869017,-75727.70371309831
Taylor,Chorney,D,18,775000,1.5,D,0.7332069348850083,0.6185429142735327,0.11466402061147563,1040255.8774202121,265255.87742021214
Victor,Hedman,D,79,4250000,12.0,D,10.093639639686632,0.6185429142735327,9.475096725413099,6205834.839045029,1955834.8390450291
Steven,Santini,D,38,925000,1.3,D,0.7094393387431013,0.6185429142735327,0.09089642446956858,1027139.668109071,102139.66810907098
Nicolas,Kerdiles,LW,1,925000,0.0,F,0.0252021374187927,0.1316814807474696,-0.1064793433286769,918217.3409232607,-6782.659076739335
Tanner,Glass,LW,11,1000000,0.1,F,0.1316960552668084,0.1316814807474696,1.457451933878362e-05,976986.2845100806,-23013.715489919414
Dan,Renouf,D,1,692500,0.0,D,0.008639593141884,0.6185429142735327,-0.6099033211316487,640401.518671524,-52098.48132847599
Colin,Miller,D,61,900000,3.3,D,1.6555585575291385,0.6185429142735327,1.037015643255606,1549258.002365461,649258.0023654611
Josh,Leivo,LW,13,575000,1.1,F,0.9396613164984716,0.1316814807474696,0.807979835751002,1422864.0005050946,847864.0005050946
Jake,Guentzel,C/LW,40,667500,4.4,F,3.841030401484778,0.1316814807474696,3.709348920737308,3023992.0228908435,2356492.0228908435
Danny,DeKeyser,D,82,4000000,2.0,D,3.564345727204296,0.6185429142735327,2.9458028129307636,2602627.131426716,-1397372.8685732838
Ty,Rattie,RW,9,650000,0.0,F,0.0455659186120993,0.1316814807474696,-0.0861155621353703,929455.1461646055,279455.1461646055
Alex,Petrovic,D,49,1200000,2.7,D,1.8017420760014775,0.6185429142735327,1.183199161727945,1629929.754555897,429929.7545558971
Kevin,Gravel,D,49,667500,2.3,D,1.3103296053297464,0.6185429142735327,0.6917866910562137,1358742.5135344614,691242.5135344614
Brendan,Guhle,D,3,667500,0.1,D,0.071934781102417,0.6185429142735327,-0.5466081331711157,675331.1316084664,7831.131608466385
Duncan,Keith,D,80,6000000,9.5,D,7.146351521503974,0.6185429142735327,6.527808607230441,4579366.279603173,-1420633.720396827
Kevin,Fiala,LW,54,925000,1.8,F,1.6027758855535674,0.1316814807474696,1.4710944048060979,1788805.4879430416,863805.4879430416
Derek,Ryan,C,67,600000,2.6,F,3.2830675913898504,0.1316814807474696,3.1513861106423806,2716078.805191309,2116078.805191309
Tom,Pyatt,LW/C,82,800000,1.8,F,3.4841255346484017,0.1316814807474696,3.352444053900932,2827033.1504141716,2027033.1504141716
Brendan,Gallagher,RW,64,4500000,3.0,F,3.051730031105856,0.1316814807474696,2.9200485503583864,2588414.5751153193,-1911585.4248846807
Tyler,Motte,LW/C,33,925000,0.6,F,0.7112973470086168,0.1316814807474696,0.5796158662611473,1296840.7541882005,371840.75418820046
Clayton,Keller,C/LW,3,900000,0.0,F,0.1188700302594102,0.1316814807474696,-0.0128114504880594,969908.2094863156,69908.20948631561
Matt,Tennyson,D,45,675000,0.3,D,0.5819120560123241,0.6185429142735327,-0.0366308582612086,956763.4077926689,281763.4077926689
Jeff,Skinner,LW/C/RW,79,6000000,8.8,F,8.166038441260254,0.1316814807474696,8.034356960512785,5410758.8790493235,-589241.1209506765
Ben,Street,C,6,600000,0.1,F,-0.050983454886959,0.1316814807474696,-0.1826649356344286,876174.1250587162,276174.12505871616
Lauri,Korpikoski,LW/RW,69,1000000,1.8,F,1.9751619019566375,0.1316814807474696,1.843480421209168,1994307.672788431,994307.6727884309
Mark,Streit,D,68,4000000,3.9,D,4.448183700693576,0.6185429142735327,3.8296407864200437,3090375.399623693,-909624.600376307
Daniel,O'Regan,C/LW,3,792500,0.1,F,0.1207270661857761,0.1316814807474696,-0.010954414561693507,970933.0195581081,178433.01955810806
Calle,Jarnkrok,C,81,1700000,2.9,F,3.356923882683565,0.1316814807474696,3.2252424019360952,2756836.5902769007,1056836.5902769007
Brian,Strait,D,5,600000,0.2,D,0.2309623245767639,0.6185429142735327,-0.3875805896967688,763090.892166178,163090.89216617798
Cam,Fowler,D,80,4000000,8.3,D,6.368234692283075,0.6185429142735327,5.749691778009542,4149960.497897393,149960.49789739307
Carl,Hagelin,LW,61,3667000,1.5,F,2.2544430841077383,0.1316814807474696,2.1227616033602685,2148429.7144070193,-1518570.2855929807
Jonathan,Drouin,LW,73,832500,5.5,F,6.07841436759893,0.1316814807474696,5.946732886851461,4258698.142673892,3426198.142673892
Oscar,Klefbom,D,82,3000000,7.6,D,6.484386431454063,0.6185429142735327,5.86584351718053,4214059.135122787,1214059.1351227872
Seth,Jones,D,75,5400000,7.8,D,6.234121425033167,0.6185429142735327,5.615578510759634,4075949.745015689,-1324050.2549843108
Chris,Kreider,LW/C,75,5000000,6.8,F,6.494519197631853,0.1316814807474696,6.362837716884383,4488326.667725511,-511673.3322744891
Eric,Gelinas,D,27,1650000,0.2,D,-0.1934749964909041,0.6185429142735327,-0.8120179107644367,528864.0604182316,-1121135.9395817684
Brett,Pesce,D,82,792500,6.5,D,4.0817725240146805,0.6185429142735327,3.463229609741148,2888170.445510217,2095670.445510217
Sean,Malone,C,1,925000,0.0,F,0.0023068491600591,0.1316814807474696,-0.1293746315874105,905582.5169701988,-19417.483029801166
David,Desharnais,C,49,3500000,1.4,F,1.0610997212829263,0.1316814807474696,0.9294182405354567,1489880.0978021855,-2010119.9021978145
Colin,Wilson,LW/C,70,4000000,3.8,F,3.5938588058134053,0.1316814807474696,3.4621773250659356,2887589.739494657,-1112410.2605053429
Kevin,Hayes,C/RW,76,2600000,5.3,F,5.6588500300710205,0.1316814807474696,5.527168549323551,4027160.479476926,1427160.479476926
Martin,Hanzal,C,71,3500000,3.7,F,5.150803800852941,0.1316814807474696,5.019122320105471,3746793.8558447175,246793.85584471747
Anthony,Deangelo,D,39,925000,1.7,D,1.9223377958284504,0.6185429142735327,1.3037948815549179,1696480.813982953,771480.8139829531
Tanner,Richard,C,3,575000,-0.1,F,-0.0295065401944772,0.1316814807474696,-0.1611880209419468,888026.2158962674,313026.21589626744
Bryan,Rust,RW,57,620000,3.3,F,3.2629372312221885,0.1316814807474696,3.1312557504747187,2704969.8139457805,2084969.8139457805
Kevan,Miller,D,58,2500000,3.1,D,1.9350569525509695,0.6185429142735327,1.316514038277437,1703499.9134677183,-796500.0865322817
Mike,Hoffman,LW/C,74,3800000,8.3,F,7.493477787180304,0.1316814807474696,7.361796306432835,5039604.545195732,1239604.5451957323
Yohann,Auvitu,D/LW,25,792500,1.3,F,0.1563867632125426,0.1316814807474696,0.024705282465073003,990611.9154541162,198111.91545411618
Chris,Didomenico,C/RW,3,575000,-0.1,F,-0.0247285462837177,0.1316814807474696,-0.1564100270311873,890662.9641751724,315662.9641751724
Colton,Sissons,C,58,575000,1.4,F,0.7976889620082452,0.1316814807474696,0.6660074812607757,1344516.1900335918,769516.1900335918
Ivan,Barbashev,C,30,742500,1.5,F,1.0855280628636783,0.1316814807474696,0.9538465821162088,1503360.9411901399,760860.9411901399
Jamie,Benn,LW,77,5750000,7.5,F,8.837763285973029,0.1316814807474696,8.70608180522556,5781451.969345148,31451.96934514772
Bracken,Kearns,C,2,800000,-0.1,F,-0.0193090248671708,0.1316814807474696,-0.1509905056146404,893653.7410649019,93653.74106490193
Blake,Pietila,LW/C,10,675000,-0.3,F,-0.0310758258158255,0.1316814807474696,-0.1627573065632951,887160.201573419,212160.20157341904
Jake,Gardiner,D,82,4050000,8.7,D,5.8203709650024535,0.6185429142735327,5.2018280507289205,3847620.4851299906,-202379.51487000939
Nikita,Soshnikov,RW,56,742500,0.5,F,0.6279494877807001,0.1316814807474696,0.49626800703323054,1250845.0228259806,508345.02282598056
Evan,McEneny,D,1,575000,-0.1,D,-0.0293497297588544,0.6185429142735327,-0.6478926440323871,619437.0127206652,44437.012720665196
Tommy,Wingels,C/RW/LW,73,2600000,0.4,F,1.5590046046298158,0.1316814807474696,1.4273231238823463,1764650.193525176,-835349.806474824
Joe,Morrow,D,17,800000,0.1,D,0.0790031857385915,0.6185429142735327,-0.5395397285349413,679231.8489612171,-120768.1510387829
Slater,Koekkoek,D,29,832500,0.5,D,0.2619690271085009,0.6185429142735327,-0.3565738871650318,780202.0210336648,-52297.978966335184
Jesse,Puljujarvi,RW,28,925000,0.7,F,0.4679989288025687,0.1316814807474696,0.3363174480550991,1162575.8937788021,237575.89377880213
Jori,Lehtera,C,64,4400000,1.4,F,2.1959431341749833,0.1316814807474696,2.0642616534275136,2116146.365959492,-2283853.634040508
Connor,Murphy,D,77,2400000,2.5,D,2.957577956220983,0.6185429142735327,2.3390350419474504,2267780.7700212672,-132219.22997873276
Matt,Moulson,LW,81,5000000,3.5,F,3.678253784355667,0.1316814807474696,3.546572303608197,2934163.3263547025,-2065836.6736452975
Ryan,Ellis,D,71,2500000,8.7,D,6.439688947838446,0.6185429142735327,5.821146033564913,4189392.713357481,1689392.7133574812
Chris,Terry,LW/RW,14,600000,0.4,F,0.2782728858244201,0.1316814807474696,0.1465914050769505,1057875.0869905094,457875.0869905094
Josh,Jooris,RW/C,54,600000,0.6,F,0.855247882404393,0.1316814807474696,0.7235664016569234,1376280.2289011176,776280.2289011176
Vernon,Fiddler,C/LW,59,1250000,-0.9,F,0.084097461507509,0.1316814807474696,-0.0475840192399606,950718.8776198161,-299281.1223801839
Jason,Dickinson,C,10,925000,0.1,F,0.1158354059078615,0.1316814807474696,-0.015846074839608107,968233.5442009433,43233.54420094332
Antoine,Vermette,C/LW,72,1750000,2.0,F,3.213374232855211,0.1316814807474696,3.0816927521077413,2677618.3452996598,927618.3452996598
Zach,Redmond,D,16,575000,1.2,D,0.4889630694527951,0.6185429142735327,-0.1295798448207376,905469.2695174206,330469.26951742056
Ryan,Garbutt,C/LW,27,2000000,0.0,F,-0.0167524831554976,0.1316814807474696,-0.1484339639029672,895064.5752108021,-1104935.4247891977
Stephen,Johns,D,61,650000,1.3,D,2.9239487196035014,0.6185429142735327,2.305405805329969,2249222.3889458226,1599222.3889458226
Matt,Martin,LW/RW,82,3500000,0.2,F,0.6961420893933418,0.1316814807474696,0.5644606086458721,1288477.286134495,-2211522.713865505
Trevor,Lewis,C/RW/LW,82,2000000,2.2,F,2.3408382488190966,0.1316814807474696,2.209156768071627,2196107.1091699963,196107.10916999634
Matt,Hunwick,D,72,1200000,3.6,D,3.127682094615188,0.6185429142735327,2.5091391803416556,2361653.1780910017,1161653.1780910017
Chris,Kunitz,LW,71,3550000,1.9,F,2.903176758085796,0.1316814807474696,2.7714952773383263,2506435.067757792,-1043564.9322422082
Scott,Laughton,C/LW,2,832500,0.0,F,-0.0544149906410921,0.1316814807474696,-0.1860964713885617,874280.4231907971,41780.4231907971
Danton,Heinen,C,8,767500,-0.3,F,-0.1377369551490696,0.1316814807474696,-0.26941843589653924,828298.9818966491,60798.981896649115
Brett,Ritchie,RW,78,875000,3.1,F,2.6319138477782844,0.1316814807474696,2.5002323670308146,2356737.930163414,1481737.9301634142
Ryan,Johansen,C/RW,82,6000000,5.8,F,6.682671884997749,0.1316814807474696,6.550990404250279,4592159.214155964,-1407840.7858440364
Joe,Thornton,C,79,6750000,4.3,F,5.497367085487331,0.1316814807474696,5.365685604739861,3938045.6994759077,-2811954.3005240923
Christian,Dvorak,C/LW,78,792500,3.6,F,4.009656200177022,0.1316814807474696,3.8779747194295524,3117048.6053782124,2324548.6053782124
Trevor,Daley,D,56,2700000,3.2,D,2.9033325360614715,0.6185429142735327,2.284789621787939,2237845.2948165014,-462154.70518349856
Austin,Watson,LW,77,575000,1.4,F,2.0303722257100256,0.1316814807474696,1.898690744962556,2024775.6325333584,1449775.6325333584
Andrew,MacDonald,D,73,4750000,3.7,D,4.196854632789846,0.6185429142735327,3.578311718516314,2951678.804439337,-1798321.195560663
Anthony,Bitetto,D,29,575000,0.9,D,0.667909252617467,0.6185429142735327,0.049366338343934335,1004221.182828471,429221.18282847095
Kevin,Porter,C,2,575000,-0.1,F,-0.0315341045522153,0.1316814807474696,-0.1632155852996849,886907.2992692295,311907.2992692295
Frederik,Gauthier,C,21,832500,0.3,F,0.2329632258607654,0.1316814807474696,0.1012817451132958,1032870.8341265827,200370.83412658272
Tyler,Seguin,C/RW,82,6000000,7.5,F,8.266726930001742,0.1316814807474696,8.135045449254273,5466324.0815910855,-533675.9184089145
Ryan,Murray,D,60,2825000,2.4,D,1.983207502031812,0.6185429142735327,1.3646645877582793,1730071.9185483516,-1094928.0814516484
Luca,Sbisa,D,82,3600000,3.7,D,2.7020610194722963,0.6185429142735327,2.0835181051987637,2126773.0885995775,-1473226.9114004225
Joel,Hanley,D,7,600000,-0.2,D,-0.0957487252830056,0.6185429142735327,-0.7142916395565383,582794.5555641032,-17205.444435896818
Michal,Rozsival,D,22,600000,0.4,D,0.4320310554551483,0.6185429142735327,-0.1865118588183844,874051.1905649042,274051.19056490425
Johnny,Boychuk,D,66,7000000,4.8,D,4.386884486798724,0.6185429142735327,3.7683415725251916,3056547.2701295344,-3943452.7298704656
Tyler,Gaudet,C,4,874125,0.0,F,0.001821518555185,0.1316814807474696,-0.1298599621922846,905314.6860225244,31189.686022524373
Jordan,Nolan,C/LW/RW,46,1000000,0.5,F,0.4869909130310046,0.1316814807474696,0.355309432283535,1173056.6693223936,173056.6693223936
Jack,Eichel,C,61,925000,6.6,F,7.009226080590153,0.1316814807474696,6.877544599842683,4772368.990325514,3847368.990325514
Mark,Borowiecki,D,70,1100000,1.3,D,1.2405992381974833,0.6185429142735327,0.6220563239239506,1320261.6303526377,220261.63035263773
Dylan,Strome,C,7,925000,-0.3,F,-0.0513683518376061,0.1316814807474696,-0.1830498325850757,875961.7186824984,-49038.28131750156
Adam,Cracknell,RW/C,69,600000,1.9,F,2.1775582415210297,0.1316814807474696,2.04587676077356,2106000.6154691027,1506000.6154691027
Jake,Muzzin,D,82,4000000,5.4,D,5.194335668278667,0.6185429142735327,4.575792754005134,3502141.289885942,-497858.7101140581
Daniel,Winnik,LW/C,72,1800000,3.0,F,3.2774274633487797,0.1316814807474696,3.14574598260131,2712966.285966116,912966.285966116
Martin,Frk,RW,2,650000,-0.2,F,-0.0303026165773815,0.1316814807474696,-0.1619840973248511,887586.8990884806,237586.89908848063
Niklas,Hjalmarsson,D,73,4100000,4.4,D,4.958795967507015,0.6185429142735327,4.340253053233482,3372158.097729737,-727841.9022702631
Cristoval,Nieves,C/LW,1,742500,-0.1,F,-0.0096547202193877,0.1316814807474696,-0.1413362009668573,898981.4940171905,156481.49401719053
Zack,Kassian,RW,79,1500000,2.0,F,2.0532034423291017,0.1316814807474696,1.9215219615816321,2037375.0983866088,537375.0983866088
Andrei,Markov,D,62,4250000,7.5,D,5.082564761931935,0.6185429142735327,4.464021847658402,3440460.2265681904,-809539.7734318096
Bo,Horvat,C,81,832500,5.7,F,5.993356179960056,0.1316814807474696,5.861674699212586,4211758.562161132,3379258.5621611318
Paul,Carey,C,6,575000,-0.2,F,-0.092780535207227,0.1316814807474696,-0.22446201595469661,853108.2983422903,278108.29834229033
Cole,Schneider,LW/RW,4,600000,0.2,F,0.0265527386300581,0.1316814807474696,-0.10512874211741151,918962.6736896485,318962.6736896485
Jaycob,Megna,D,1,925000,0.1,D,-0.0232773343352327,0.6185429142735327,-0.6418202486087654,622788.0798172576,-302211.9201827424
A.J.,Greer,LW,5,725000,-0.1,F,0.0476249262255468,0.1316814807474696,-0.0840565545219228,930591.4148335094,205591.41483350936
Ales,Hemsky,RW,15,4000000,0.8,F,0.6739717634213995,0.1316814807474696,0.54229028267393,1276242.5344916268,-2723757.4655083735
Shane,Harper,RW,14,650000,0.3,F,0.069979001457511,0.1316814807474696,-0.0617024792899586,942927.5689800564,292927.56898005644
Petteri,Lindbohm,D,7,645000,-0.2,D,-0.0539394739267066,0.6185429142735327,-0.6724823882002393,605867.0988981946,-39132.901101805386
Dylan,McIlrath,D,6,800000,0.1,D,0.0964199394661902,0.6185429142735327,-0.5221229748073425,688843.3294848613,-111156.67051513866
Aleksander,Barkov,C,61,4500000,6.9,F,6.137810678262548,0.1316814807474696,6.006129197515079,4291476.150105613,-208523.84989438672
Tyler,Bozak,C,78,4500000,5.8,F,6.1837894647802205,0.1316814807474696,6.052107984032751,4316849.662186406,-183150.33781359438
Ben,Lovejoy,D,82,2500000,2.5,D,2.4645655256739656,0.6185429142735327,1.846022611400433,1995710.587010731,-504289.412989269
Thomas,Hickey,D,76,2250000,3.2,D,3.1946514622371605,0.6185429142735327,2.576108547963628,2398610.396562742,148610.39656274207
Cameron,Gaunce,D,12,575000,0.6,D,0.3964040399849514,0.6185429142735327,-0.2221388742885813,854390.3300702898,279390.3300702898
Matt,Greene,D,26,2500000,1.2,D,0.2855127487372571,0.6185429142735327,-0.33303016553627557,793194.684616564,-1706805.3153834362
Christian,Fischer,RW,7,817500,0.5,F,0.2901125767970171,0.1316814807474696,0.15843109604954747,1064408.8510299446,246908.8510299446
Yannick,Weber,D,73,575000,1.7,D,0.8472396775063099,0.6185429142735327,0.2286967632327772,1103185.140927316,528185.1409273159
Carter,Rowney,RW/C,27,575000,0.6,F,0.5209560297097915,0.1316814807474696,0.3892745489623219,1191800.406677086,616800.4066770859
Ron,Hainsey,D,72,2500000,3.2,D,3.3175624138426825,0.6185429142735327,2.69901949956915,2466439.1226259167,-33560.87737408327
Mark,Barberio,D,60,800000,2.6,D,1.831376305562762,0.6185429142735327,1.2128333912892293,1646283.4806702044,846283.4806702044
Brandon,Montour,D,27,925000,2.3,D,0.6919925362324658,0.6185429142735327,0.07344962195893312,1017511.6050869062,92511.60508690623
Josh,Gorges,D,66,3900000,2.1,D,1.548674482423753,0.6185429142735327,0.9301315681502204,1490273.7494885738,-2409726.2505114265
Trevor,Smith,C/RW,1,575000,0.0,F,0.0083891336173862,0.1316814807474696,-0.1232923471300834,908939.0413555801,333939.0413555801
Dion,Phaneuf,D,81,7500000,5.9,D,5.6575026561763515,0.6185429142735327,5.0389597419028185,3757741.18829407,-3742258.81170593
Harry,Zolnierczyk,LW,24,575000,0.2,F,0.1154228663570912,0.1316814807474696,-0.0162586143903784,968005.8831844601,393005.8831844601
Marian,Hossa,RW,73,4000000,5.8,F,5.602733624583979,0.1316814807474696,5.471052143836509,3996192.4961873097,-3807.5038126902655
Jay,Bouwmeester,D,81,5600000,4.1,D,2.580866663906608,0.6185429142735327,1.9623237496330752,2059891.670494124,-3540108.3295058757
Mikhail,Sergachev,D,4,925000,0.1,D,-0.0365942861673919,0.6185429142735327,-0.6551372004409246,615439.0855574211,-309560.9144425789
Zbynek,Michalek,D,3,3200000,0.1,D,0.0293851543501059,0.6185429142735327,-0.5891577599234268,651850.0102000535,-2548149.9897999465
Nate,Prosser,D,39,650000,1.2,D,1.2115922677066755,0.6185429142735327,0.5930493534331428,1304254.0587762804,654254.0587762804
Nick,Bonino,C,80,2100000,3.0,F,5.813328882090718,0.1316814807474696,5.681647401343248,4112410.032908314,2012410.032908314
Dmitry,Kulikov,D,47,4500000,-0.1,D,1.2213050813125674,0.6185429142735327,0.6027621670390347,1309614.1000482016,-3190385.8999517984
Justin,Williams,RW,80,3250000,6.2,F,6.045759994255707,0.1316814807474696,5.914078513508238,4240677.742413948,990677.7424139483
Jay,McClement,C,65,1100000,0.0,F,0.7340803609393012,0.1316814807474696,0.6023988801918316,1309413.619263378,209413.61926337797
Cory,Conacher,C/LW,11,575000,0.3,F,0.2338718256485579,0.1316814807474696,0.1021903449010883,1033372.2472659508,458372.2472659508
Dale,Weise,RW,64,2750000,1.3,F,1.4633837037137116,0.1316814807474696,1.331702222966242,1711881.5524119863,-1038118.4475880137
Nicolas,Deslauriers,LW,42,775000,-0.5,F,-0.5713260013674943,0.1316814807474696,-0.7030074821149639,589021.7469897687,-185978.2530102313
Joseph,Blandisi,LW/C,27,715000,0.4,F,0.7124761871052553,0.1316814807474696,0.5807947063577856,1297491.3001399054,582491.3001399054
Joel,Armia,RW,57,875000,1.2,F,2.0393948937777138,0.1316814807474696,1.9077134130302442,2029754.8152077089,1154754.8152077089
Matt,Calvert,LW,65,2200000,1.1,F,1.7938649179282864,0.1316814807474696,1.6621834371808168,1894258.4639497753,-305741.5360502247
Nathan,Beaulieu,D,74,1000000,5.6,D,4.278187062357466,0.6185429142735327,3.6596441480839332,2996562.31573864,1996562.3157386398
Peter,Holland,C,48,1300000,0.2,F,0.7553538660590763,0.1316814807474696,0.6236723853116066,1321153.4580029221,21153.458002922125
Jordie,Benn,D,71,1100000,2.8,D,3.739917738402633,0.6185429142735327,3.1213748241291004,2699516.999224287,1599516.999224287
Travis,Hamonic,D,49,4875000,0.6,D,2.9793742376923427,0.6185429142735327,2.36083132341881,2279809.1042405125,-2595190.8957594875
Hudson,Fasching,RW,10,925000,-0.1,F,-0.0993683155603539,0.1316814807474696,-0.23104979630782352,849472.81474136,-75527.18525863998
Mikael,Granlund,C,81,3200000,8.5,F,8.34724640486771,0.1316814807474696,8.21556492412024,5510758.961738812,2310758.961738812
Ben,Hutton,D,71,925000,2.9,D,3.614347391803114,0.6185429142735327,2.9958044775295813,2630220.6791657414,1705220.6791657414
Thomas,Vanek,LW/RW,68,2600000,5.5,F,4.936042854164665,0.1316814807474696,4.804361373417195,3628277.4727909174,1028277.4727909174
Ian,Cole,D,81,2300000,5.6,D,5.697443515343605,0.6185429142735327,5.078900601070072,3779782.6545734815,1479782.6545734815
Dominic,Moore,C/LW,82,900000,2.6,F,2.904572283137686,0.1316814807474696,2.7728908023902163,2507205.191861645,1607205.1918616449
Nikita,Zaitsev,D,82,925000,3.6,D,5.592900375364207,0.6185429142735327,4.974357461090674,3722090.252791375,2797090.252791375
Kyle,Quincey,D,73,1250000,4.1,D,2.8682896666734403,0.6185429142735327,2.2497467523999077,2218506.796845897,968506.7968458971
Ben,Smith,RW/C,40,675000,-0.4,F,0.5716583306845042,0.1316814807474696,0.4399768499370346,1219780.602409554,544780.602409554
Ben,Thomson,LW,3,635000,-0.2,F,-0.0464441189996513,0.1316814807474696,-0.1781255997471209,878679.1692910406,243679.16929104063
Michael,Zalewski,LW/C,1,632500,-0.1,F,-0.0111414119238543,0.1316814807474696,-0.1428228926713239,898161.0593606734,265661.0593606734
Borna,Rendulic,RW/C,1,575000,0.0,F,-0.0285002027079099,0.1316814807474696,-0.1601816834553795,888581.5658371137,313581.56583711365
Steve,Oleksy,D,11,575000,0.3,D,0.2032137108704669,0.6185429142735327,-0.4153292034030658,747777.748031081,172777.74803108105
Markus,Nutivaara,D,66,792500,2.2,D,0.7344577486539172,0.6185429142735327,0.11591483438038452,1040946.1422288328,248446.14222883282
Wayne,Simmonds,RW/LW,82,4300000,6.3,F,7.5185786355366035,0.1316814807474696,7.386897154789134,5053456.5131845325,753456.5131845325
John-Michael,Liles,D,36,2000000,1.3,D,0.6844523770829589,0.6185429142735327,0.06590946280942622,1013350.5487876589,-986649.4512123411
Derrick,Pouliot,D,11,832500,-0.3,D,-0.0997705608190481,0.6185429142735327,-0.7183134750925808,580575.095237078,-251924.90476292197
Kevin,Bieksa,D,81,4000000,3.5,D,2.823866431817823,0.6185429142735327,2.2053235175442905,2193991.7199670495,-1806008.2800329505
Patrice,Bergeron,C,79,8750000,6.6,F,6.511306724758017,0.1316814807474696,6.379625244010548,4497590.907924165,-4252409.092075835
Jason,Demers,D,81,5500000,4.9,D,4.381419419679406,0.6185429142735327,3.7628765054058735,3053531.3587261084,-2446468.6412738916
Ryan,Reaves,RW,80,1125000,1.2,F,1.145814473731943,0.1316814807474696,1.0141329929844733,1536630.152718495,411630.1527184951
Robert,Bortuzzo,D,38,1050000,2.0,D,0.711971662556168,0.6185429142735327,0.09342874828263525,1028537.137545082,-21462.86245491798
Fredrik,Claesson,D,33,700000,2.4,D,1.1875352567024355,0.6185429142735327,0.5689923424289028,1290978.1351259416,590978.1351259416
Zach,Bogosian,D,56,5250000,1.4,D,2.1972462854171684,0.6185429142735327,1.5787033711436358,1848189.7739184364,-3401810.2260815636
Nathan,MacKinnon,C/RW,82,5000000,4.8,F,5.8625006716644235,0.1316814807474696,5.730819190916954,4139545.6119715646,-860454.3880284354
Chris,Wagner,C/RW,43,625000,0.9,F,0.7234824056389687,0.1316814807474696,0.591800924891499,1303565.110261486,678565.1102614859
Francois,Beauchemin,D,81,4500000,3.7,D,4.235553526360757,0.6185429142735327,3.6170106120872245,2973034.888797009,-1526965.111202991
Eric,Gryba,D,40,950000,1.0,D,0.976556051587644,0.6185429142735327,0.35801313731411133,1174548.7159258823,224548.71592588234
Jean-Gabriel,Pageau,C,82,1100000,3.4,F,4.514799519897847,0.1316814807474696,4.383118039150377,3395813.250907546,2295813.250907546
Frederick,Gaudreau,C,9,595000,0.0,F,-0.0421402849918273,0.1316814807474696,-0.17382176573929692,881054.2512029844,286054.25120298436
Troy,Brouwer,RW,74,4500000,1.7,F,3.2837006117632095,0.1316814807474696,3.1520191310157397,2716428.1391191334,-1783571.8608808666
PA,Parenteau,RW,67,1250000,2.4,F,3.2164732331579584,0.1316814807474696,3.0847917524104886,2679328.536619953,1429328.5366199529
Justin,Bailey,RW,32,692500,0.1,F,0.0977771707579713,0.1316814807474696,-0.03390430998949831,958268.0604977704,265768.06049777044
Adam,Pelech,D,44,925000,1.4,D,1.7733083550405755,0.6185429142735327,1.1547654407670427,1614238.5322130448,689238.5322130448
T.J.,Brodie,D,82,4838000,5.3,D,5.7140921577561805,0.6185429142735327,5.0955492434826475,3788970.2508842694,-1049029.7491157306
Jonathan,Marchessault,C,75,750000,6.2,F,6.21330616489358,0.1316814807474696,6.08162468414611,4333138.529371354,3583138.529371354
Mikkel,Boedker,LW/RW,81,5200000,2.1,F,2.7481534139994026,0.1316814807474696,2.616471933251933,2420885.0349732367,-2779114.9650267633
Stefan,Noesen,RW,44,600000,1.6,F,0.731336412456731,0.1316814807474696,0.5996549317092614,1307899.364206977,707899.364206977
Andrew,Copp,C,64,925000,1.7,F,1.7641869675687838,0.1316814807474696,1.6325054868213142,1877880.6104000616,952880.6104000616
Patric,Hornqvist,RW,70,4750000,5.5,F,6.091986968731274,0.1316814807474696,5.960305487983804,4266188.217660254,-483811.78233974613
Connor,Brown,RW,82,650000,4.0,F,4.776400940023087,0.1316814807474696,4.644719459275617,3540178.6701938715,2890178.6701938715
Adam,Henrique,C,82,4500000,3.9,F,5.46096530828848,0.1316814807474696,5.32928382754101,3917957.2847205,-582042.7152795
Brock,McGinn,LW,57,800000,1.1,F,1.4011381718511735,0.1316814807474696,1.269456691103704,1677531.1949034776,877531.1949034776
Kyle,Rau,C,24,925000,0.1,F,-0.0806088446727383,0.1316814807474696,-0.2122903254202079,859825.2771973502,-65174.722802649834
Jesper,Fast,RW/LW,68,1000000,1.5,F,2.464690339291519,0.1316814807474696,2.333008858544049,2264455.205147377,1264455.2051473772
Brian,Boyle,C/LW,75,2000000,2.7,F,2.8740044222137726,0.1316814807474696,2.742322941466303,2490336.2388687516,490336.23886875156
Michael,Matheson,D,81,925000,4.4,D,3.4820561892627784,0.6185429142735327,2.863513274989246,2557215.437399529,1632215.437399529
Michael,Sgarbossa,C,38,600000,0.4,F,0.5318613961181211,0.1316814807474696,0.4001799153706515,1197818.5612928206,597818.5612928206
Curtis,Lazar,C/RW,37,832500,-0.3,F,-0.0652500434471337,0.1316814807474696,-0.1969315241946033,868301.071318071,35801.071318070986
Mike,Liambas,LW,1,575000,-0.1,F,-0.022871116440333,0.1316814807474696,-0.1545525971878026,891687.991631089,316687.991631089
David,Savard,D,74,3500000,7.1,D,4.310180918530015,0.6185429142735327,3.691638004256482,3014218.2078921497,-485781.7921078503
John,Moore,D,63,1750000,4.7,D,3.103436847888903,0.6185429142735327,2.4848939336153704,2348273.37607133,598273.3760713302
Phillip,Danault,LW/C,82,875000,3.9,F,4.727976694029944,0.1316814807474696,4.596295213282474,3513455.624986099,2638455.624986099
Dmitrij,Jaskin,RW/LW,51,1000000,0.6,F,0.5558374431904005,0.1316814807474696,0.4241559624429309,1211049.804788216,211049.80478821602
Gabriel,Dumont,C,39,575000,0.1,F,0.1620973517626816,0.1316814807474696,0.03041587101521201,993763.3184932044,418763.3184932044
Matt,Niskanen,D,78,5750000,7.4,D,5.2581548306545205,0.6185429142735327,4.6396119163809875,3537360.059457152,-2212639.940542848
Mark,Pysyk,D,82,1250000,4.3,D,2.675915596052423,0.6185429142735327,2.05737268177889,2112344.66916431,862344.6691643102
Oscar,Lindberg,C,65,700000,1.8,F,2.0259128302025973,0.1316814807474696,1.8942313494551277,2022314.7036061175,1322314.7036061175
Nikita,Tryamkin,D,66,925000,2.2,D,1.7832693991199091,0.6185429142735327,1.1647264848463763,1619735.5601127944,694735.5601127944
Jonathan,Toews,C,72,13800000,6.3,F,6.729863841980512,0.1316814807474696,6.598182361233042,4618202.217490951,-9181797.78250905
Andrew,Ladd,LW,78,8000000,3.1,F,4.421668794027356,0.1316814807474696,4.2899873132798865,3344418.819324199,-4655581.180675801
Jon,Merrill,D,51,1000000,1.3,D,1.0974364315468228,0.6185429142735327,0.4788935172732901,1241256.865782036,241256.86578203598
Mitchell,Marner,C/RW,77,925000,6.6,F,7.250384720095078,0.1316814807474696,7.118703239347608,4905453.008332682,3980453.008332682
Frank,Corrado,D,4,600000,-0.1,D,-0.03935861580403,0.6185429142735327,-0.6579015300775627,613913.5831085132,13913.58310851315
Nikita,Zadorov,D,56,832500,0.8,D,1.397794703174344,0.6185429142735327,0.7792517889008114,1407010.353660137,574510.3536601369
Kevin,Klein,D,60,2750000,2.8,D,3.086050768442666,0.6185429142735327,2.4675078541691335,2338678.8232290726,-411321.1767709274
Nikolay,Kulemin,LW/RW,72,4250000,2.2,F,2.6955737959486346,0.1316814807474696,2.563892315201165,2391868.8369641434,-1858131.1630358566
Alex,Galchenyuk,C/LW,61,3100000,4.9,F,5.105737125004188,0.1316814807474696,4.974055644256718,3721923.69439211,621923.6943921102
Matt,Irwin,D,74,575000,4.0,D,2.831291583450293,0.6185429142735327,2.2127486691767606,2198089.309071011,1623089.309071011
Nick,Schultz,D,28,2250000,1.1,D,1.014644009214648,0.6185429142735327,0.39610109494111534,1195567.6537051566,-1054432.3462948434
Tomas,Nosek,LW/C,11,575000,0.0,F,-0.0257967359733892,0.1316814807474696,-0.1574782167208588,890073.4809363087,315073.48093630874
Damon,Severson,D,80,600000,3.4,D,3.914265851636285,0.6185429142735327,3.2957229373627523,2795731.4557693084,2195731.4557693084
Colin,McDonald,RW/C,3,625000,0.2,F,0.0718948068740032,0.1316814807474696,-0.05978667387346641,943984.8111467484,318984.81114674837
Matt,Beleskey,LW,49,4000000,-0.2,F,0.5237297103785777,0.1316814807474696,0.39204822963110814,1193331.069517234,-2806668.9304827657
Blake,Comeau,LW/RW,77,2400000,0.7,F,1.7468515816163812,0.1316814807474696,1.6151701008689117,1868314.0328932926,-531685.9671067074
Phillip,Di Giuseppe,LW,36,867500,-0.3,F,0.2614109746402479,0.1316814807474696,0.12972949389277827,1048569.7977573455,181069.79775734548
Torrey,Mitchell,C/RW,78,1300000,1.3,F,2.3773361489365215,0.1316814807474696,2.2456546681890517,2216248.569606258,916248.5696062581
Joel,Vermin,RW,18,575000,0.1,F,0.0858642717769374,0.1316814807474696,-0.04581720897053221,951693.8964298184,376693.89642981836
Josh,Morrissey,D,82,832500,3.7,D,3.9236023542647382,0.6185429142735327,3.3050594399912057,2800883.828856501,1968383.8288565008
Nicklas,Backstrom,C,82,7000000,9.9,F,9.86139660672934,0.1316814807474696,9.72971512598187,6346346.660955348,-653653.339044652
Josh,Anderson,RW,78,700000,4.0,F,3.6150786510715434,0.1316814807474696,3.4833971703240736,2899299.96590098,2199299.96590098
Markus,Granlund,C,69,850000,3.2,F,3.400574693430445,0.1316814807474696,3.268893212682975,2780925.402916543,1930925.4029165432
Brendan,Perlini,LW,57,925000,2.3,F,2.079807361487979,0.1316814807474696,1.9481258807405093,2052056.5398795186,1127056.5398795186
Garnet,Hathaway,RW,26,722500,0.3,F,0.2327472216450665,0.1316814807474696,0.1010657408975969,1032751.6316423146,310251.6316423146
Lars,Eller,C/LW/RW,81,4250000,2.6,F,2.605031159688848,0.1316814807474696,2.473349678941378,2341902.6493162494,-1908097.3506837506
Pavel,Buchnevich,RW/LW,41,925000,2.3,F,1.9571763165214795,0.1316814807474696,1.82549483577401,1984382.2810179521,1059382.2810179521
Matt,Hendricks,LW/C,42,1850000,0.3,F,0.9476343021689504,0.1316814807474696,0.8159528214214808,1427263.9132377224,-422736.08676227764
Derick,Brassard,C,81,5000000,4.1,F,4.165449796540448,0.1316814807474696,4.033768315792978,3203023.703871037,-1796976.2961289631
Leon,Draisaitl,C,82,925000,9.6,F,9.447901458807568,0.1316814807474696,9.316219978060099,6118158.295716316,5193158.295716316
Jake,Dotchin,D,35,615000,2.7,D,1.041404970960436,0.6185429142735327,0.42286205668690335,1210335.7595552183,595335.7595552183
Jonas,Brodin,D,68,4000000,4.1,D,3.39052626565784,0.6185429142735327,2.7719833513843075,2506704.4126805263,-1493295.5873194737
Xavier,Ouellet,D,66,715000,3.2,D,2.0019386919699853,0.6185429142735327,1.3833957776964527,1740408.774089356,1025408.774089356
Teddy,Purcell,LW/RW,12,1600000,0.0,F,-0.0650128824907153,0.1316814807474696,-0.1966943632381849,868431.9492043428,-731568.0507956572
Duncan,Siemens,D,3,874125,-0.1,D,-0.0518591073373987,0.6185429142735327,-0.6704020216109314,607015.1545730871,-267109.8454269129
Brad,Marchand,LW/C,80,5000000,12.6,F,11.076030051140272,0.1316814807474696,10.944348570392803,7016645.264065488,2016645.2640654882
Radim,Vrbata,RW,81,1000000,5.3,F,6.652203743152127,0.1316814807474696,6.520522262404657,4575345.2913939515,3575345.2913939515
William,Karlsson,C,81,1000000,2.0,F,2.119409595347666,0.1316814807474696,1.9877281146001964,2073911.1349084435,1073911.1349084435
Jayson,Megna,C,58,600000,0.1,F,0.2986234434102601,0.1316814807474696,0.1669419626627905,1069105.5947499236,469105.59474992356
Marcus,Foligno,LW,80,2250000,2.1,F,3.2324195084496004,0.1316814807474696,3.1007380277021306,2688128.5298211784,438128.5298211784
Kris,Versteeg,RW/LW,69,950000,3.9,F,4.399852454812395,0.1316814807474696,4.268170974064925,3332379.416187348,2382379.416187348
Chris,Thorburn,RW/LW,64,1200000,-0.4,F,-0.0950494152555299,0.1316814807474696,-0.2267308960029995,851856.2110282122,-348143.7889717878
Brian,Flynn,C/RW,51,950000,0.8,F,0.8619639903855788,0.1316814807474696,0.7302825096381091,1379986.5304350005,429986.53043500055
Michael,Frolik,RW/C,82,5000000,4.9,F,5.312805939109992,0.1316814807474696,5.181124458362523,3836195.1542152073,-1163804.8457847927
Alex,Steen,LW/C,76,6500000,5.0,F,6.2815777557665005,0.1316814807474696,6.149896275019031,4370814.383107144,-2129185.6168928556
Joel,Edmundson,D,69,900000,4.2,D,2.4716886698859666,0.6185429142735327,1.853145755612434,1999641.5125397672,1099641.5125397672
Shea,Weber,D,78,12000000,10.1,D,7.57763711548007,0.6185429142735327,6.959094201206537,4817372.348441419,-7182627.651558581
Mikko,Rantanen,RW,75,925000,3.6,F,4.536731308184862,0.1316814807474696,4.405049827437392,3407916.3649129597,2482916.3649129597
Joel,Eriksson Ek,C/RW/LW,15,925000,0.8,F,0.6498890243975703,0.1316814807474696,0.5182075436501008,1262952.4127672347,337952.4127672347
Brandon,Tanev,LW/C/RW,51,874125,-0.6,F,0.0267086414751939,0.1316814807474696,-0.1049728392722757,919048.7090773585,44923.70907735848
Valtteri,Filppula,C/LW,79,5000000,3.7,F,4.793091050484803,0.1316814807474696,4.661409569737334,3549389.1507546697,-1450610.8492453303
Viktor,Stalberg,LW/RW,75,1500000,1.2,F,1.944291618808192,0.1316814807474696,1.8126101380607225,1977271.827309919,477271.82730991906
Vladimir,Sobotka,LW/C,1,2725000,0.2,F,0.1316814807474696,0.1316814807474696,0.0,976978.2415239445,-1748021.7584760555
Gemel,Smith,C,17,670000,0.5,F,0.555571526536962,0.1316814807474696,0.42389004578949235,1210903.0579962817,540903.0579962817
Nate,Schmidt,D,60,875000,4.5,D,1.7451163013799795,0.6185429142735327,1.126573387106447,1598680.674593977,723680.6745939769
Brian,Gionta,RW,82,3250000,3.0,F,3.9059612413512808,0.1316814807474696,3.774279760603811,3059824.2745561944,-190175.72544380557
Joshua,Ho-Sang,RW/C,21,925000,1.0,F,0.9149221054655162,0.1316814807474696,0.7832406247180466,1409211.603007116,484211.6030071159
Jason,Zucker,LW/RW,79,2000000,6.7,F,5.698992512177427,0.1316814807474696,5.567311031429957,4049313.211896003,2049313.2118960032
Micheal,Haley,C,58,625000,1.0,F,0.8108495283454212,0.1316814807474696,0.6791680475979516,1351778.8825541534,726778.8825541534
Julius,Honka,D,16,925000,0.5,D,0.5195966927937021,0.6185429142735327,-0.09894622147983057,922374.5136699645,-2625.486330035492
Cal,Clutterbuck,RW,66,3500000,1.2,F,1.7424449431098268,0.1316814807474696,1.6107634623623572,1865882.21805323,-1634117.78194677
Matthew,Benning,D,62,925000,3.5,D,2.3408370283678375,0.6185429142735327,1.7222941140943049,1927430.6962413508,1002430.6962413508
Nick,Holden,D,80,1650000,6.8,D,4.789838612600591,0.6185429142735327,4.171295698327058,3278918.545089324,1628918.545089324
Viktor,Arvidsson,LW/RW,80,640000,8.7,F,7.861283654129325,0.1316814807474696,7.729602173381855,5242579.162736589,4602579.162736589
Jacob,De la Rose,LW,9,925000,-0.3,F,-0.1445067255149418,0.1316814807474696,-0.27618820626241136,824563.0666371931,-100436.93336280691
Vladislav,Namestnikov,C/LW,74,1900000,2.2,F,2.8849680430816544,0.1316814807474696,2.7532865623341847,2496386.541358433,596386.5413584332
Robby,Fabbri,C/LW,51,925000,2.5,F,2.839832546213214,0.1316814807474696,2.7081510654657444,2471478.40084838,1546478.4008483798
Ondrej,Palat,LW,75,4000000,5.6,F,7.028682510853425,0.1316814807474696,6.897001030105955,4783106.07161287,783106.0716128703
Ryan,Callahan,RW,18,6500000,0.1,F,0.4347415877610365,0.1316814807474696,0.3030601070135669,1144222.7442373717,-5355777.255762628
Magnus,Paajarvi,LW,32,700000,2.1,F,1.2984742044866728,0.1316814807474696,1.1667927237392033,1620875.8193818987,920875.8193818987
Travis,Konecny,C/LW,70,925000,2.7,F,2.885492801192456,0.1316814807474696,2.7538113204449863,2496676.1304770764,1571676.1304770764
Jimmy,Vesey,LW,80,925000,2.2,F,3.3392939447023933,0.1316814807474696,3.2076124639549235,2747107.46347237,1822107.46347237
Philip,Larsen,D,26,1025000,0.7,D,0.6551737725347413,0.6185429142735327,0.0366308582612086,997193.0752552202,-27806.924744779826
Nikolaj,Ehlers,LW,82,925000,7.2,F,7.486790543170881,0.1316814807474696,7.355109062423411,5035914.172319208,4110914.1723192083
Brady,Skjei,D,80,925000,6.4,D,4.624577685699741,0.6185429142735327,4.006034771426208,3187718.875789875,2262718.875789875
Jay,Beagle,C/RW,81,1750000,3.5,F,3.29770211903985,0.1316814807474696,3.1660206382923803,2724154.9070688835,974154.9070688835
Taylor,Hall,LW/C,72,6000000,5.9,F,6.215419714533339,0.1316814807474696,6.083738233785869,4334304.897198333,-1665695.1028016666
Nail,Yakupov,RW/LW,40,2500000,0.5,F,0.3440903938908386,0.1316814807474696,0.21240891314336902,1094196.6487918203,-1405803.3512081797
Vinnie,Hinostroza,LW/C,49,667500,1.1,F,1.401503860538718,0.1316814807474696,1.2698223797912485,1677733.0011500963,1010233.0011500963
Braydon,Coburn,D,80,3700000,3.2,D,1.8090047841429435,0.6185429142735327,1.1904618698694107,1633937.6987998348,-2066062.3012001652
Patrick,Brown,C,14,650000,-0.5,F,-0.2722723440296134,0.1316814807474696,-0.403953824777083,754055.2801029425,104055.28010294249
Colin,White,C/D,2,925000,0.0,F,-0.0358567533164328,0.1316814807474696,-0.1675382340639024,884521.8343853806,-40478.165614619385
Samuel,Morin,D,1,832500,0.0,D,-0.0277725196285634,0.6185429142735327,-0.6463154339020961,620307.400204239,-212192.59979576105
Conor,Sheary,LW,61,667500,7.3,F,6.119196306905691,0.1316814807474696,5.987514826158221,4281203.7612003945,3613703.7612003945
Brendan,Gaunce,C/LW,57,832500,-0.3,F,-0.4069791727104078,0.1316814807474696,-0.5386606534578774,679716.9688127213,-152783.03118727868
Daniel,Sedin,LW,82,7000000,3.8,F,4.5603827286272045,0.1316814807474696,4.428701247879735,3420968.4623642704,-3579031.5376357296
Patrik,Laine,RW,73,925000,8.9,F,8.23155728726474,0.1316814807474696,8.099875806517272,5446915.623420457,4521915.623420457
Pavel,Zacha,C,70,925000,1.5,F,2.1994400399459333,0.1316814807474696,2.0677585591984635,2118076.142440011,1193076.1424400108
Vincent,Trocheck,C/RW,82,3750000,5.5,F,7.107534680430437,0.1316814807474696,6.975853199682967,4826620.845031042,1076620.8450310417
Dennis,Wideman,D,57,6000000,3.2,D,3.1297144197843143,0.6185429142735327,2.5111715055107817,2362774.7219840987,-3637225.2780159013
Ryan,Murphy,D,27,750000,-0.3,D,0.2046463522752324,0.6185429142735327,-0.41389656199830027,748568.3548901222,-1431.6451098778052
Alex,Pietrangelo,D,80,7000000,9.2,D,7.627757258437775,0.6185429142735327,7.009214344164242,4845031.278768768,-2154968.7212312324
Alex,Carrier,D,2,640000,0.1,D,-0.0327349480238076,0.6185429142735327,-0.6512778622973403,617568.8712787658,-22431.128721234156
Jamie,McGinn,LW/RW,72,3000000,0.4,F,1.4525863017043616,0.1316814807474696,1.320904820956892,1705922.9782286482,-1294077.0217713518
Nick,Sorensen,RW,5,925000,0.0,F,0.0268904711311025,0.1316814807474696,-0.1047910096163671,919149.05224255,-5850.947757450049
Mathew,Barzal,C,2,925000,-0.1,F,-0.0535415349973131,0.1316814807474696,-0.1852230157447827,874762.4419435309,-50237.558056469075
Jakob,Silfverberg,RW/LW,79,3000000,6.1,F,6.1616635663381185,0.1316814807474696,6.029982085590649,4304639.427990614,1304639.4279906144
Mark,Stone,RW,71,3750000,6.8,F,7.274865591591512,0.1316814807474696,7.143184110844042,4918962.840490265,1168962.8404902648
Evgeni,Malkin,C/RW,62,9500000,9.9,F,9.00412895174544,0.1316814807474696,8.87244747099797,5873261.291643874,-3626738.708356126
Joakim,Nordstrom,LW/C,82,1250000,0.0,F,1.2280544906410853,0.1316814807474696,1.0963730098936157,1582014.5184360773,332014.5184360773
Anthony,Beauvillier,C/LW,66,925000,2.2,F,2.3385978923319657,0.1316814807474696,2.206916411584496,2194870.7626568135,1269870.7626568135
Pontus,Aberg,LW,15,842500,-0.1,F,-0.0706645674864097,0.1316814807474696,-0.2023460482338793,865313.0522438942,22813.0522438942
Craig,Smith,RW/LW/C,78,4000000,3.0,F,3.049527242494639,0.1316814807474696,2.917845761747169,2587198.9605314797,-1412801.0394685203
Mark,Stuart,D,42,2700000,1.1,D,1.2398959136464007,0.6185429142735327,0.621352999372868,1319873.498882775,-1380126.501117225
Jack,Johnson,D,82,5000000,6.3,D,4.01758096144214,0.6185429142735327,3.3990380471686072,2852746.165928735,-2147253.834071265
Miikka,Salomaki,RW,5,575000,-0.1,F,0.0362358042441259,0.1316814807474696,-0.09544567650334371,924306.298455457,349306.29845545697
Nick,Jensen,D,49,600000,2.3,D,2.0074181506030553,0.6185429142735327,1.3888752363295227,1743432.6274868129,1143432.6274868129
Josh,Bailey,RW/LW/C,82,3700000,5.2,F,6.626492484051255,0.1316814807474696,6.494811003303785,4561156.466659362,861156.4666593624
Patrick,Marleau,LW/C,82,6500000,6.0,F,5.866886608736835,0.1316814807474696,5.735205127989365,4141966.0026717335,-2358033.9973282665
Stephen,Gionta,RW/C,26,575000,0.6,F,0.1729599291995687,0.1316814807474696,0.041278448452099104,999757.8599045455,424757.8599045455
Joseph,Labate,C,13,680000,-0.2,F,-0.2545437051654531,0.1316814807474696,-0.3862251859129227,763838.8752446473,83838.87524464726
Nick,Shore,C,70,600000,1.3,F,1.4088330818984802,0.1316814807474696,1.2771516011510107,1681777.6508853226,1081777.6508853226
Ryan,Suter,D,82,9000000,9.3,D,5.640539854639654,0.6185429142735327,5.021996940366121,3748380.2224593135,-5251619.777540687
Marc-Edouard,Vlasic,D,75,4250000,5.8,D,5.2175627190357625,0.6185429142735327,4.5990198047622295,3514959.1978305066,-735040.8021694934
Tomas,Plekanec,C,78,7000000,2.4,F,3.2788205510342183,0.1316814807474696,3.1471390702867486,2713735.0650029983,-4286264.934997002
Colton,Parayko,D,81,925000,6.7,D,5.161214449502933,0.6185429142735327,4.5426715352294,3483863.25976843,2558863.25976843
